{
	"parent": "minecraft:item/handheld",
	"textures": {
		"layer0": "item/carrot_on_a_stick/eidos_reversal_controller"
	},
	"display": {
		"ground": {
			"translation": [ 0, 2 ,0 ],
			"scale": [ 0.55, 0.55, 0.55 ]
		},
		"firstperson_lefthand": {
			"rotation": [ 0, -90, 25 ],
			"translation": [ 1.13, 2.2, 1.13],
			"scale": [ 0.4, 0.4, 0.4 ]
		},
		
        "firstperson_righthand": {
            "rotation": [ 0, -90, 25 ],
            "translation": [ 0.8, 1.8, 0.8 ],
            "scale": [ 0.5, 0.5, 0.5 ]
        },
		
        "thirdperson_righthand": {
            "rotation": [ 0, 90, 55 ],
            "translation": [ 0, 4.0, 2.5 ],
            "scale": [ 0.5, 0.5, 0.5 ]
        },
        "thirdperson_lefthand": {
            "rotation": [ 0, -90, -55 ],
            "translation": [ 0, 4.0, 2.5 ],
            "scale": [ 0.5, 0.5, 0.5 ]
        }
	}
}