{
	"model": {
		"type": "minecraft:select",
		"property": "minecraft:custom_model_data",
		"cases": [
			{
				"when": "default_hurt",
				"model": {
					"type": "minecraft:model",
					"model": "animated_java:blueprint/jellyfish/default_hurt/stingers_4"
				}
			},
			{
				"when": "blue",
				"model": {
					"type": "minecraft:model",
					"model": "animated_java:blueprint/jellyfish/blue/stingers_4"
				}
			},
			{
				"when": "blue_hurt",
				"model": {
					"type": "minecraft:model",
					"model": "animated_java:blueprint/jellyfish/blue_hurt/stingers_4"
				}
			},
			{
				"when": "orange",
				"model": {
					"type": "minecraft:model",
					"model": "animated_java:blueprint/jellyfish/orange/stingers_4"
				}
			},
			{
				"when": "orange_hurt",
				"model": {
					"type": "minecraft:model",
					"model": "animated_java:blueprint/jellyfish/orange_hurt/stingers_4"
				}
			},
			{
				"when": "white",
				"model": {
					"type": "minecraft:model",
					"model": "animated_java:blueprint/jellyfish/white/stingers_4"
				}
			},
			{
				"when": "white_hurt",
				"model": {
					"type": "minecraft:model",
					"model": "animated_java:blueprint/jellyfish/white_hurt/stingers_4"
				}
			},
			{
				"when": "yellow",
				"model": {
					"type": "minecraft:model",
					"model": "animated_java:blueprint/jellyfish/yellow/stingers_4"
				}
			},
			{
				"when": "yellow_hurt",
				"model": {
					"type": "minecraft:model",
					"model": "animated_java:blueprint/jellyfish/yellow_hurt/stingers_4"
				}
			},
			{
				"when": "cyan",
				"model": {
					"type": "minecraft:model",
					"model": "animated_java:blueprint/jellyfish/cyan/stingers_4"
				}
			},
			{
				"when": "cyan_hurt",
				"model": {
					"type": "minecraft:model",
					"model": "animated_java:blueprint/jellyfish/cyan_hurt/stingers_4"
				}
			}
		],
		"fallback": {
			"type": "minecraft:model",
			"model": "animated_java:blueprint/jellyfish/stingers_4"
		},
		"tints": [
			{
				"type": "minecraft:dye",
				"default": [1, 1, 1]
			}
		]
	}
}