{
	"credit": "Made with Blockbench",
	"textures": {
		"1": "item/sweet_berries_hand",
		"particle": "item/sweet_berries_hand"
	},
	"elements": [
		{
			"from": [8, 0.9, 4],
			"to": [8, 6.9, 12],
			"rotation": {"angle": 0, "axis": "y", "origin": [8, 4.05, 7]},
			"faces": {
				"north": {"uv": [0, 0, 0, 6], "texture": "#1"},
				"east": {"uv": [8, 6, 0, 12], "texture": "#1"},
				"south": {"uv": [0, 0, 0, 6], "texture": "#1"},
				"west": {"uv": [0, 6, 8, 12], "texture": "#1"},
				"up": {"uv": [0, 8, 0, 0], "texture": "#1"},
				"down": {"uv": [0, 0, 0, 8], "texture": "#1"}
			}
		},
		{
			"from": [5.975, 2.3, 8.7],
			"to": [7.975, 4.3, 10.7],
			"rotation": {"angle": -22.5, "axis": "x", "origin": [6.975, 3.3, 9.7]},
			"faces": {
				"north": {"uv": [8, 6, 10, 8], "texture": "#1"},
				"east": {"uv": [8, 8, 10, 10], "texture": "#1"},
				"south": {"uv": [10, 6, 12, 8], "texture": "#1"},
				"west": {"uv": [8, 10, 10, 12], "texture": "#1"},
				"up": {"uv": [12, 10, 10, 8], "texture": "#1"},
				"down": {"uv": [12, 10, 10, 12], "texture": "#1"}
			}
		},
		{
			"from": [6.10486, 3.79026, 6.60443],
			"to": [8.00486, 5.79026, 8.60443],
			"rotation": {"angle": 0, "axis": "y", "origin": [7.05486, 4.79026, 7.60443]},
			"faces": {
				"north": {"uv": [12, 10, 10, 12], "rotation": 90, "texture": "#1"},
				"east": {"uv": [8, 6, 10, 8], "rotation": 270, "texture": "#1"},
				"south": {"uv": [12, 10, 10, 8], "rotation": 90, "texture": "#1"},
				"west": {"uv": [10, 6, 12, 8], "rotation": 90, "texture": "#1"},
				"up": {"uv": [8, 10, 10, 12], "rotation": 180, "texture": "#1"},
				"down": {"uv": [8, 8, 10, 10], "texture": "#1"}
			}
		},
		{
			"from": [4, 3.5, 8.8],
			"to": [8, 6.5, 8.8],
			"rotation": {"angle": -45, "axis": "z", "origin": [6, 5, 8.8]},
			"faces": {
				"north": {"uv": [12, 3, 8, 6], "rotation": 180, "texture": "#1"},
				"east": {"uv": [0, 0, 3, 0], "rotation": 270, "texture": "#1"},
				"south": {"uv": [12, 3, 8, 0], "texture": "#1"},
				"west": {"uv": [0, 0, 3, 0], "rotation": 90, "texture": "#1"},
				"up": {"uv": [0, 0, 4, 0], "rotation": 180, "texture": "#1"},
				"down": {"uv": [0, 0, 4, 0], "texture": "#1"}
			}
		}
	],
	"display": {
		"thirdperson_righthand": {
			"rotation": [17, 23, 0],
			"translation": [-1.25, 4.5, -0.5],
			"scale": [0.71, 0.71, 0.71]
		},
		"thirdperson_lefthand": {
			"rotation": [17, 23, 0],
			"translation": [-1.25, 4.5, -0.5],
			"scale": [0.71, 0.71, 0.71]
		},
		"firstperson_righthand": {
			"rotation": [-8.49, -18.88, -1.69],
			"translation": [0.25, 8.75, 0],
			"scale": [0.86, 0.86, 0.86]
		},
		"firstperson_lefthand": {
			"rotation": [169.02, -27.93, -179.83],
			"translation": [0.25, 9, 1.5],
			"scale": [0.86, 0.86, 0.86]
		}
	}
}