{
	"credit": "Made with Blockbench",
	"ambientocclusion": false,
	"textures": {
		"2": "block/gray_concrete_powder",
		"particle": "block/cobblestone",
		"base": "block/cobblestone",
		"lever": "block/lever"
	},
	"elements": [
		{
			"from": [5, -0.02, 4],
			"to": [11, 2.48, 12],
			"faces": {
				"up": {"uv": [5, 4, 11, 12], "texture": "#2"},
				"down": {"uv": [5, 4, 11, 12], "texture": "#base", "cullface": "down"}
			}
		},
		{
			"from": [7, -0.02, 4],
			"to": [9, 2.98, 5],
			"faces": {
				"north": {"uv": [7, 0, 9, 3], "texture": "#base"},
				"east": {"uv": [11, 0, 12, 3], "texture": "#base"},
				"south": {"uv": [7, 0, 9, 3], "texture": "#base"},
				"west": {"uv": [4, 0, 5, 3], "texture": "#base"},
				"up": {"uv": [7, 4, 9, 5], "texture": "#base"}
			}
		},
		{
			"from": [5, -0.02, 4],
			"to": [7, 2.98, 12],
			"faces": {
				"north": {"uv": [9, 0, 11, 3], "texture": "#base"},
				"east": {"uv": [4, 0, 12, 3], "texture": "#base"},
				"south": {"uv": [5, 0, 7, 3], "texture": "#base"},
				"west": {"uv": [4, 0, 12, 3], "texture": "#base"},
				"up": {"uv": [5, 4, 7, 12], "texture": "#base"}
			}
		},
		{
			"from": [7, -0.02, 11],
			"to": [9, 2.98, 12],
			"faces": {
				"north": {"uv": [7, 0, 9, 3], "texture": "#base"},
				"east": {"uv": [4, 0, 5, 3], "texture": "#base"},
				"south": {"uv": [7, 0, 9, 3], "texture": "#base"},
				"west": {"uv": [11, 0, 12, 3], "texture": "#base"},
				"up": {"uv": [7, 11, 9, 12], "texture": "#base"}
			}
		},
		{
			"from": [9, -0.02, 4],
			"to": [11, 2.98, 12],
			"faces": {
				"north": {"uv": [5, 0, 7, 3], "texture": "#base"},
				"east": {"uv": [4, 0, 12, 3], "texture": "#base"},
				"south": {"uv": [9, 0, 11, 3], "texture": "#base"},
				"west": {"uv": [4, 0, 12, 3], "texture": "#base"},
				"up": {"uv": [9, 4, 11, 12], "texture": "#base"}
			}
		},
		{
			"from": [7, 1.25, 7],
			"to": [9, 7.25, 9],
			"rotation": {"angle": -45, "axis": "x", "origin": [8, 1, 8]},
			"faces": {
				"north": {"uv": [7, 6, 9, 14], "texture": "#lever"},
				"east": {"uv": [7, 6, 9, 14], "texture": "#lever"},
				"south": {"uv": [7, 6, 9, 14], "texture": "#lever"},
				"west": {"uv": [7, 6, 9, 14], "texture": "#lever"},
				"up": {"uv": [7, 6, 9, 8], "texture": "#lever"},
				"down": {"uv": [0, 0, 0, 0], "texture": "#lever"}
			}
		}
	]
}