{
	"textures": {
		"0": "animated_java:blueprint/mushling/red_mushling",
		"particle": "minecraft:item/pufferfish"
	},
	"display": {
		"head": {
			"rotation": [0, 180, 0]
		}
	},
	"elements": [
		{
			"from": [5, 9.5, 5],
			"to": [11, 13.5, 11],
			"rotation": {
				"angle": 0,
				"axis": "y",
				"origin": [10, 10, 8]
			},
			"faces": {
				"north": {
					"uv": [1.5, 4, 3, 5],
					"texture": "#0"
				},
				"east": {
					"uv": [0, 4, 1.5, 5],
					"texture": "#0"
				},
				"south": {
					"uv": [4.5, 4, 6, 5],
					"texture": "#0"
				},
				"west": {
					"uv": [3, 4, 4.5, 5],
					"texture": "#0"
				},
				"up": {
					"uv": [3, 4, 1.5, 2.5],
					"texture": "#0"
				},
				"down": {
					"uv": [4.5, 2.5, 3, 4],
					"texture": "#0"
				}
			}
		}
	]
}