{
	"textures": {
		"0": "animated_java:blueprint/mushling/red_mushling",
		"particle": "minecraft:item/pufferfish"
	},
	"display": {
		"head": {
			"rotation": [0, 180, 0]
		}
	},
	"elements": [
		{
			"from": [7, 8, 5.5],
			"to": [9, 10, 7.5],
			"rotation": {
				"angle": 0,
				"axis": "y",
				"origin": [8, 8, 7]
			},
			"faces": {
				"north": {
					"uv": [6.5, 4.25, 7, 4.75],
					"texture": "#0"
				},
				"east": {
					"uv": [6, 4.25, 6.5, 4.75],
					"texture": "#0"
				},
				"south": {
					"uv": [7.5, 4.25, 8, 4.75],
					"texture": "#0"
				},
				"west": {
					"uv": [7, 4.25, 7.5, 4.75],
					"texture": "#0"
				},
				"up": {
					"uv": [7, 4.25, 6.5, 3.75],
					"texture": "#0"
				},
				"down": {
					"uv": [7.5, 3.75, 7, 4.25],
					"texture": "#0"
				}
			}
		}
	]
}