{
	"model": {
		"type": "minecraft:select",
		"property": "minecraft:custom_model_data",
		"cases": [
			{
				"when": "blue",
				"model": {
					"type": "minecraft:model",
					"model": "animated_java:blueprint/nautilus_crab/blue/shell"
				}
			},
			{
				"when": "green",
				"model": {
					"type": "minecraft:model",
					"model": "animated_java:blueprint/nautilus_crab/green/shell"
				}
			},
			{
				"when": "pink",
				"model": {
					"type": "minecraft:model",
					"model": "animated_java:blueprint/nautilus_crab/pink/shell"
				}
			},
			{
				"when": "orange",
				"model": {
					"type": "minecraft:model",
					"model": "animated_java:blueprint/nautilus_crab/orange/shell"
				}
			},
			{
				"when": "purple",
				"model": {
					"type": "minecraft:model",
					"model": "animated_java:blueprint/nautilus_crab/purple/shell"
				}
			},
			{
				"when": "default_hurt",
				"model": {
					"type": "minecraft:model",
					"model": "animated_java:blueprint/nautilus_crab/default_hurt/shell"
				}
			},
			{
				"when": "blue_hurt",
				"model": {
					"type": "minecraft:model",
					"model": "animated_java:blueprint/nautilus_crab/blue_hurt/shell"
				}
			},
			{
				"when": "green_hurt",
				"model": {
					"type": "minecraft:model",
					"model": "animated_java:blueprint/nautilus_crab/green_hurt/shell"
				}
			},
			{
				"when": "pink_hurt",
				"model": {
					"type": "minecraft:model",
					"model": "animated_java:blueprint/nautilus_crab/pink_hurt/shell"
				}
			},
			{
				"when": "orange_hurt",
				"model": {
					"type": "minecraft:model",
					"model": "animated_java:blueprint/nautilus_crab/orange_hurt/shell"
				}
			},
			{
				"when": "purple_hurt",
				"model": {
					"type": "minecraft:model",
					"model": "animated_java:blueprint/nautilus_crab/purple_hurt/shell"
				}
			}
		],
		"fallback": {
			"type": "minecraft:model",
			"model": "animated_java:blueprint/nautilus_crab/shell"
		},
		"tints": [
			{
				"type": "minecraft:dye",
				"default": [1, 1, 1]
			}
		]
	}
}