{
  "display": {},
  "elements": [
    {
      "name": "cube1",
      "from": [
        8,
        12,
        6.5
      ],
      "to": [
        8,
        15,
        9.5
      ],
      "shade": false,
      "rotation": {
        "angle": -45,
        "axis": "y",
        "origin": [
          8,
          8,
          8
        ]
      },
      "faces": {
        "east": {
          "uv": [
            0,
            1,
            3,
            4
          ],
          "texture": "#all"
        },
        "west": {
          "uv": [
            3,
            1,
            0,
            4
          ],
          "texture": "#all"
        }
      }
    },
    {
      "name": "cube1",
      "from": [
        8,
        6,
        6.5
      ],
      "to": [
        8,
        10,
        9.5
      ],
      "shade": false,
      "rotation": {
        "angle": -22.5,
        "axis": "y",
        "origin": [
          8,
          8,
          8
        ]
      },
      "faces": {
        "east": {
          "uv": [
            0,
            1,
            3,
            4
          ],
          "texture": "#all"
        },
        "west": {
          "uv": [
            3,
            1,
            0,
            4
          ],
          "texture": "#all"
        }
      }
    },
    {
      "name": "cube1",
      "from": [
        8,
        1,
        6.5
      ],
      "to": [
        8,
        4,
        9.5
      ],
      "shade": false,
      "rotation": {
        "angle": -45,
        "axis": "y",
        "origin": [
          8,
          8,
          8
        ]
      },
      "faces": {
        "east": {
          "uv": [
            0,
            12,
            3,
            15
          ],
          "texture": "#all"
        },
        "west": {
          "uv": [
            3,
            12,
            0,
            15
          ],
          "texture": "#all"
        }
      }
    },
    {
      "name": "cube2",
      "from": [
        8,
        9,
        6.5
      ],
      "to": [
        8,
        16,
        9.5
      ],
      "shade": false,
      "rotation": {
        "angle": 45,
        "axis": "y",
        "origin": [
          8,
          8,
          8
        ]
      },
      "faces": {
        "east": {
          "uv": [
            3,
            0,
            6,
            7
          ],
          "texture": "#all"
        },
        "west": {
          "uv": [
            6,
            0,
            3,
            7
          ],
          "texture": "#all"
        }
      }
    },
    {
      "name": "cube2",
      "from": [
        6.5,
        3,
        8
      ],
      "to": [
        9.5,
        7,
        8
      ],
      "shade": false,
      "rotation": {
        "angle": -22.5,
        "axis": "y",
        "origin": [
          8,
          8,
          8
        ]
      },
      "faces": {
        "north": {
          "uv": [
            3,
            9,
            6,
            13
          ],
          "texture": "#all"
        },
        "south": {
          "uv": [
            6,
            9,
            3,
            13
          ],
          "texture": "#all"
        }
      }
    },
    {
      "name": "cube2",
      "from": [
        8,
        0,
        6.5
      ],
      "to": [
        8,
        2,
        9.5
      ],
      "shade": false,
      "rotation": {
        "angle": 45,
        "axis": "y",
        "origin": [
          8,
          8,
          8
        ]
      },
      "faces": {
        "east": {
          "uv": [
            3,
            14,
            6,
            16
          ],
          "texture": "#all"
        },
        "west": {
          "uv": [
            6,
            14,
            3,
            16
          ],
          "texture": "#all"
        }
      }
    }
  ],
  "textures": {
    "all": "minecraft:block/chain",
    "particle": "minecraft:block/chain"
  },
  "parent": "block/block",
  "__comment": "Designed by GeForceLegend",
  "ambientocclusion": false,
  "credit": "Made with Blockbench"
}