{
  "variable_placeholders": "",
  "name": "chain.json",
  "visible_box": [
    1,
    1,
    0
  ],
  "meta": {
    "format_version": "4.5",
    "model_format": "java_block",
    "box_uv": false
  },
  "unhandled_root_fields": {
    "meta": {
      "format_version": "4.5",
      "model_format": "java_block",
      "box_uv": false
    },
    "name": "spyglass_in_hand",
    "front_gui_light": true,
    "visible_box": [
      1,
      1,
      0
    ],
    "variable_placeholders": "",
    "variable_placeholder_buttons": [],
    "unhandled_root_fields": {},
    "resolution": {
      "width": 16,
      "height": 16
    },
    "outliner": [
      "0d6fa512-002c-7acc-94e8-f1d93f9a2b9a",
      "4ceb7068-1075-ccfb-0a8b-5d5173f4edd5"
    ]
  },
  "__comment": "Designed by GeForceLegend",
  "resolution": {
    "width": 16,
    "height": 16
  },
  "credit": "Made with Blockbench",
  "variable_placeholder_buttons": [],
  "outliner": [
    "c31b23b0-b41d-0897-80c9-1c13d3b33130",
    "48a4db14-5f5b-0f9f-d46e-ac87e64654f5",
    "e5900954-ee5f-0da5-8756-532a6cb229cf",
    "b81a89cd-6136-f31f-4448-fb78a909f781",
    "2ebb01fc-ef8e-b139-42ea-1575998f9120",
    "1a4e85d2-8ddc-0aa6-09ba-190736b610ea",
    "83e2915a-0082-13d9-fc26-2110ed019d55",
    "7ab14b23-ea4e-909d-bab2-7d10fcece881",
    "f9f50f4d-a057-da3a-d73b-68741b42b379",
    "c8e1c6bd-b2c4-4492-1201-fb756eacf335",
    "6a0cde0b-9998-b20e-8c9b-9515b35d810d",
    "a3689278-6a64-1c3a-c1ec-499f3dbf4c9a",
    "06dcd15f-aa72-ce96-a11b-d0bdc70fa8ba",
    "bd1a6b63-b336-4b9e-e640-4556f810056c",
    "30476a3c-8b37-dc23-3bda-a910676e86f4",
    "8eb2929f-aca9-4956-33a7-af83c5f0f58d",
    "cb7518ff-47fa-ced1-75ac-88d7a0bde0b4",
    "7eb75833-8bf3-f440-efbd-8efb20c55f28",
    "d40eec31-d1fe-4d1f-0d38-6f3b186fe35d",
    "59b0eaa9-88da-8eee-a77e-f57bd7c30e0f",
    "f85f280c-38bf-bff8-8514-968b1454d8e2",
    "fe2c1c7d-cdfb-a0b7-5a8f-98b8267b8438",
    "dae8c30b-79ea-859f-136d-f39295a52843",
    "d47f3cec-cde9-02a9-be22-5286a3056be9",
    "100ddef1-c52d-c55c-a163-c56a9e341c37",
    "7543c97e-ab88-5317-b780-bd7c7960ce4d"
  ],
  "front_gui_light": false,
  "elements": [
    {
      "from": [
        7,
        0.02,
        7
      ],
      "to": [
        9,
        0.02,
        9
      ],
      "faces": {
        "up": {
          "uv": [
            7,
            7,
            9,
            9
          ],
          "rotation": 90,
          "texture": "#edge"
        },
        "down": {
          "uv": [
            7,
            7,
            9,
            9
          ],
          "rotation": 270,
          "texture": "#edge"
        }
      }
    },
    {
      "from": [
        7,
        15.98,
        7
      ],
      "to": [
        9,
        15.98,
        9
      ],
      "faces": {
        "up": {
          "uv": [
            7,
            7,
            9,
            9
          ],
          "rotation": 90,
          "texture": "#edge"
        },
        "down": {
          "uv": [
            7,
            7,
            9,
            9
          ],
          "rotation": 270,
          "texture": "#edge"
        }
      }
    }
  ],
  "textures": {
    "particle": "block/iron_bars",
    "edge": "block/iron_bars",
    "texture": "block/iron_bars"
  },
  "ambientocclusion": false
}