{
  "elements": [
    {
      "from": [
        8,
        0,
        8
      ],
      "to": [
        8,
        16,
        16
      ],
      "faces": {
        "east": {
          "uv": [
            0,
            0,
            8,
            16
          ],
          "texture": "#edge"
        },
        "west": {
          "uv": [
            8,
            0,
            0,
            16
          ],
          "texture": "#edge"
        }
      }
    },
    {
      "from": [
        7,
        0,
        15.99
      ],
      "to": [
        9,
        16,
        15.99
      ],
      "rotation": {
        "angle": 0,
        "axis": "y",
        "origin": [
          8,
          8,
          8
        ]
      },
      "faces": {
        "north": {
          "uv": [
            9,
            0,
            7,
            16
          ],
          "texture": "#edge"
        },
        "south": {
          "uv": [
            7,
            0,
            9,
            16
          ],
          "texture": "#edge",
          "cullface": "south"
        }
      }
    },
    {
      "from": [
        7,
        0.01,
        8
      ],
      "to": [
        9,
        0.01,
        16
      ],
      "faces": {
        "up": {
          "uv": [
            7,
            8,
            9,
            16
          ],
          "texture": "#edge"
        },
        "down": {
          "uv": [
            9,
            8,
            7,
            16
          ],
          "texture": "#edge"
        }
      }
    },
    {
      "from": [
        7,
        15.99,
        8
      ],
      "to": [
        9,
        15.99,
        16
      ],
      "faces": {
        "up": {
          "uv": [
            7,
            8,
            9,
            16
          ],
          "texture": "#edge"
        },
        "down": {
          "uv": [
            9,
            8,
            7,
            16
          ],
          "texture": "#edge"
        }
      }
    }
  ],
  "textures": {
    "particle": "block/iron_bars",
    "edge": "block/iron_bars",
    "texture": "block/iron_bars"
  },
  "__comment": "Designed by GeForceLegend",
  "ambientocclusion": false,
  "credit": "Made with Blockbench"
}