{
	"textures": {
		"0": "animated_java:blueprint/copper_golem/copper_golem",
		"particle": "minecraft:item/pufferfish"
	},
	"display": {
		"head": {
			"rotation": [0, 180, 0]
		}
	},
	"elements": [
		{
			"from": [4, 8, 5],
			"to": [13, 13, 11],
			"rotation": {
				"angle": 0,
				"axis": "y",
				"origin": [8, -3, 8]
			},
			"faces": {
				"north": {
					"uv": [2.5, 4.25, 4.75, 5.5],
					"texture": "#0"
				},
				"east": {
					"uv": [5.75, 4.25, 7.25, 5.5],
					"texture": "#0"
				},
				"south": {
					"uv": [0, 4.75, 2.25, 6],
					"texture": "#0"
				},
				"west": {
					"uv": [5.75, 5.5, 7.25, 6.75],
					"texture": "#0"
				},
				"up": {
					"uv": [4.75, 1.5, 2.5, 0],
					"texture": "#0"
				},
				"down": {
					"uv": [4.75, 1.5, 2.5, 3],
					"texture": "#0"
				}
			}
		}
	]
}