{
	"textures": {
		"0": "animated_java:blueprint/copper_golem/copper_golem",
		"particle": "minecraft:item/pufferfish"
	},
	"display": {
		"head": {
			"rotation": [0, 180, 0]
		}
	},
	"elements": [
		{
			"from": [8, -1, 6],
			"to": [11, 9, 10],
			"rotation": {
				"angle": 0,
				"axis": "y",
				"origin": [3, -2, 8]
			},
			"faces": {
				"north": {
					"uv": [0, 6, 0.75, 8.5],
					"texture": "#0"
				},
				"east": {
					"uv": [4.75, 0, 5.75, 2.5],
					"texture": "#0"
				},
				"south": {
					"uv": [0.75, 6, 1.5, 8.5],
					"texture": "#0"
				},
				"west": {
					"uv": [4.75, 4.25, 5.75, 6.75],
					"texture": "#0"
				},
				"up": {
					"uv": [8.75, 4, 8, 3],
					"texture": "#0"
				},
				"down": {
					"uv": [4, 8, 3.25, 9],
					"texture": "#0"
				}
			}
		}
	]
}