{
	"textures": {
		"0": "animated_java:blueprint/copper_golem/copper_golem",
		"particle": "minecraft:item/pufferfish"
	},
	"display": {
		"head": {
			"rotation": [0, 180, 0]
		}
	},
	"elements": [
		{
			"from": [7, 5, 6],
			"to": [9, 9, 8],
			"rotation": {
				"angle": 0,
				"axis": "y",
				"origin": [8, -4, 11]
			},
			"faces": {
				"north": {
					"uv": [4.25, 5.5, 4.75, 6.5],
					"texture": "#0"
				},
				"east": {
					"uv": [8.25, 4, 8.75, 5],
					"texture": "#0"
				},
				"south": {
					"uv": [8.25, 5, 8.75, 6],
					"texture": "#0"
				},
				"west": {
					"uv": [8.25, 6, 8.75, 7],
					"texture": "#0"
				},
				"up": {
					"uv": [6.25, 2.25, 5.75, 1.75],
					"texture": "#0"
				},
				"down": {
					"uv": [2, 8.5, 1.5, 9],
					"texture": "#0"
				}
			}
		}
	]
}