{
	"textures": {
		"0": "animated_java:blueprint/copper_golem/copper_golem",
		"particle": "minecraft:item/pufferfish"
	},
	"display": {
		"head": {
			"rotation": [0, 180, 0]
		}
	},
	"elements": [
		{
			"from": [5, -1, 6],
			"to": [8, 9, 10],
			"rotation": {
				"angle": 0,
				"axis": "y",
				"origin": [13, -2, 8]
			},
			"faces": {
				"north": {
					"uv": [1.5, 6, 2.25, 8.5],
					"texture": "#0"
				},
				"east": {
					"uv": [2.25, 5.5, 3.25, 8],
					"texture": "#0"
				},
				"south": {
					"uv": [6.25, 1.75, 7, 4.25],
					"texture": "#0"
				},
				"west": {
					"uv": [3.25, 5.5, 4.25, 8],
					"texture": "#0"
				},
				"up": {
					"uv": [8, 9, 7.25, 8],
					"texture": "#0"
				},
				"down": {
					"uv": [8.75, 8, 8, 9],
					"texture": "#0"
				}
			}
		}
	]
}