{
	"textures": {
		"0": "animated_java:blueprint/copper_golem/copper_golem",
		"particle": "minecraft:item/pufferfish"
	},
	"display": {
		"head": {
			"rotation": [0, 180, 0]
		}
	},
	"elements": [
		{
			"from": [6, 4, 6],
			"to": [10, 8, 10],
			"rotation": {
				"angle": 0,
				"axis": "y",
				"origin": [5, 4, 8]
			},
			"faces": {
				"north": {
					"uv": [7, 3, 8, 4],
					"texture": "#0"
				},
				"east": {
					"uv": [7.25, 4, 8.25, 5],
					"texture": "#0"
				},
				"south": {
					"uv": [7.25, 5, 8.25, 6],
					"texture": "#0"
				},
				"west": {
					"uv": [7.25, 6, 8.25, 7],
					"texture": "#0"
				},
				"up": {
					"uv": [8.25, 8, 7.25, 7],
					"texture": "#0"
				},
				"down": {
					"uv": [5.25, 7.75, 4.25, 8.75],
					"texture": "#0"
				}
			}
		}
	]
}