{
	"credit": "Made with Blockbench",
	"texture_size": [32, 32],
	"textures": {
		"4": "item/bowl_templates"
	},
	"elements": [
		{
			"from": [4, 1, 4],
			"to": [12, 4, 5],
			"rotation": {"angle": 0, "axis": "y", "origin": [7, 1, 3]},
			"faces": {
				"north": {"uv": [3, 3, 7, 4.5], "texture": "#4"},
				"east": {"uv": [3.5, 6, 4, 7.5], "texture": "#4"},
				"south": {"uv": [3, 4.5, 7, 6], "texture": "#4"},
				"west": {"uv": [3.5, 6, 4, 7.5], "texture": "#4"},
				"up": {"uv": [10, 2, 6, 1.5], "texture": "#4"},
				"down": {"uv": [10, 2, 6, 2.5], "texture": "#4"}
			}
		},
		{
			"from": [4, 1, 11],
			"to": [12, 4, 12],
			"rotation": {"angle": 0, "axis": "y", "origin": [7, 1, 10]},
			"faces": {
				"north": {"uv": [3, 4.5, 7, 6], "texture": "#4"},
				"east": {"uv": [3.5, 6, 4, 7.5], "texture": "#4"},
				"south": {"uv": [3, 3, 7, 4.5], "texture": "#4"},
				"west": {"uv": [3.5, 6, 4, 7.5], "texture": "#4"},
				"up": {"uv": [6, 1.5, 10, 2], "texture": "#4"},
				"down": {"uv": [6, 2, 10, 2.5], "texture": "#4"}
			}
		},
		{
			"from": [4, 1, 5],
			"to": [5, 4, 11],
			"rotation": {"angle": 0, "axis": "y", "origin": [7, 1, 10]},
			"faces": {
				"north": {"uv": [3.5, 6, 4, 7.5], "texture": "#4"},
				"east": {"uv": [0, 6, 3, 7.5], "texture": "#4"},
				"south": {"uv": [3.5, 6, 4, 7.5], "texture": "#4"},
				"west": {"uv": [6, 0, 9, 1.5], "texture": "#4"},
				"up": {"uv": [3.5, 9, 3, 6], "texture": "#4"},
				"down": {"uv": [6, 2, 10, 2.5], "texture": "#4"}
			}
		},
		{
			"from": [11, 1, 5],
			"to": [12, 4, 11],
			"rotation": {"angle": 0, "axis": "y", "origin": [14, 1, 10]},
			"faces": {
				"north": {"uv": [3.5, 6, 4, 7.5], "texture": "#4"},
				"east": {"uv": [6, 0, 9, 1.5], "texture": "#4"},
				"south": {"uv": [3.5, 6, 4, 7.5], "texture": "#4"},
				"west": {"uv": [0, 6, 3, 7.5], "texture": "#4"},
				"up": {"uv": [3.5, 9, 3, 6], "texture": "#4"},
				"down": {"uv": [6, 2, 10, 2.5], "texture": "#4"}
			}
		},
		{
			"from": [5, 0, 5],
			"to": [11, 1, 11],
			"rotation": {"angle": 0, "axis": "y", "origin": [5, 0, 5]},
			"faces": {
				"north": {"uv": [6, 2.5, 9, 3], "texture": "#4"},
				"east": {"uv": [6, 2.5, 9, 3], "texture": "#4"},
				"south": {"uv": [6, 2.5, 9, 3], "texture": "#4"},
				"west": {"uv": [6, 2.5, 9, 3], "texture": "#4"},
				"up": {"uv": [3, 6, 0, 3], "texture": "#4"},
				"down": {"uv": [6, 0, 3, 3], "texture": "#4"}
			}
		},
		{
			"from": [5, 3, 5],
			"to": [11, 3, 11],
			"rotation": {"angle": 0, "axis": "x", "origin": [8, 3, 11]},
			"faces": {
				"north": {"uv": [0, 0, 3, 0], "texture": "#4"},
				"east": {"uv": [0, 0, 3, 0], "texture": "#4"},
				"south": {"uv": [0, 0, 3, 0], "texture": "#4"},
				"west": {"uv": [0, 0, 3, 0], "texture": "#4"},
				"up": {"uv": [13, 3, 10, 0], "texture": "#4"},
				"down": {"uv": [13, 0, 10, 3], "texture": "#4"}
			}
		},
		{
			"from": [5.5, 3, 7.1],
			"to": [7.5, 4, 9.1],
			"rotation": {"angle": -45, "axis": "y", "origin": [5.5, 2, 9.1]},
			"faces": {
				"north": {"uv": [13, 2, 14, 2.5], "texture": "#4"},
				"east": {"uv": [13, 2, 14, 2.5], "texture": "#4"},
				"south": {"uv": [14, 0, 13, 0.5], "texture": "#4"},
				"west": {"uv": [13, 0, 14, 0.5], "texture": "#4"},
				"up": {"uv": [13, 0, 14, 1], "rotation": 270, "texture": "#4"},
				"down": {"uv": [13, 0, 14, 1], "rotation": 90, "texture": "#4"}
			}
		},
		{
			"from": [8, 3, 6],
			"to": [10, 4, 7],
			"rotation": {"angle": 0, "axis": "y", "origin": [8, 2, 5]},
			"faces": {
				"north": {"uv": [14, 1.5, 13, 2], "texture": "#4"},
				"east": {"uv": [13.5, 2, 14, 2.5], "texture": "#4"},
				"south": {"uv": [13, 2, 14, 2.5], "texture": "#4"},
				"west": {"uv": [13.5, 2, 14, 2.5], "texture": "#4"},
				"up": {"uv": [13, 1.5, 14, 2], "texture": "#4"},
				"down": {"uv": [13, 1.5, 14, 2], "texture": "#4"}
			}
		}
	],
	"display": {
		"thirdperson_righthand": {
			"rotation": [67, 0, 0],
			"translation": [0, 2.25, 2],
			"scale": [0.63, 0.63, 0.63]
		},
		"thirdperson_lefthand": {
			"rotation": [67, 0, 0],
			"translation": [0, 2.25, 2],
			"scale": [0.63, 0.63, 0.63]
		},
		"firstperson_righthand": {
			"rotation": [68.63, -74.71, 78.92],
			"translation": [0.25, 7.5, 0.75],
			"scale": [0.66, 0.68, 0.58]
		},
		"firstperson_lefthand": {
			"rotation": [68.63, -74.71, 78.92],
			"translation": [0.25, 7.5, 0.75],
			"scale": [0.66, 0.68, 0.58]
		}
	}
}