{
	"__comment":"Designed by GeForceLegend",
	"textures":{
		"plank":"block/oak_planks",
		"body":"item/armor_stand_body",
		"layer0":"item/armor_stand_end",
		"particle":"item/armor_stand"
	},
	"elements":[
		{
			"from":[5,0,5],
			"to":[11,0.5,11],
			"faces":{
				"north":{"uv":[0,13,12,14],"texture":"#layer0"},
				"east":{"uv":[0,12,12,13],"texture":"#layer0"},
				"south":{"uv":[0,15,12,16],"texture":"#layer0"},
				"west":{"uv":[0,14,12,15],"texture":"#layer0"},
				"up":{"uv":[12,12,0,0],"texture":"#layer0"},
				"down":{"uv":[12,0,0,12],"texture":"#layer0"}
			}
		},
		{
			"from":[6.5,0.5,7.5],
			"to":[7.5,6,8.5],
			"faces":{
				"north":{"uv":[4,5,2,16],"texture":"#plank"},
				"east":{"uv":[6,5,4,16],"texture":"#plank"},
				"south":{"uv":[8,5,6,16],"texture":"#plank"},
				"west":{"uv":[2,5,0,16],"texture":"#plank"}
			}
		},
		{
			"from":[8.5,0.5,7.5],
			"to":[9.5,6,8.5],
			"faces":{
				"north":{"uv":[5,1,7,12],"texture":"#plank"},
				"east":{"uv":[3,1,5,12],"texture":"#plank"},
				"south":{"uv":[9,1,11,12],"texture":"#plank"},
				"west":{"uv":[7,1,9,12],"texture":"#plank"}
			}
		},
		{
			"from":[6,6,7.5],
			"to":[10,7,8.5],
			"faces":{
				"north":{"uv":[8,2,16,4],"texture":"#body"},
				"east":{"uv":[6,2,8,4],"texture":"#body"},
				"south":{"uv":[8,2,16,4],"texture":"#body"},
				"west":{"uv":[6,2,8,4],"texture":"#body"},
				"up":{"uv":[0,0,8,2],"texture":"#body"},
				"down":{"uv":[8,0,16,2],"texture":"#body"}
			}
		},
		{
			"from":[6.5,7,7.5],
			"to":[7.5,10.5,8.5],
			"faces":{
				"north":{"uv":[10,8,12,15],"texture":"#plank"},
				"east":{"uv":[8,8,10,15],"texture":"#plank"},
				"south":{"uv":[14,8,16,15],"texture":"#plank"},
				"west":{"uv":[12,8,14,15],"texture":"#plank"}
			}
		},
		{
			"from":[8.5,7,7.5],
			"to":[9.5,10.5,8.5],
			"faces":{
				"north":{"uv":[2,4,4,11],"texture":"#plank"},
				"east":{"uv":[0,4,2,11],"texture":"#plank"},
				"south":{"uv":[6,4,8,11],"texture":"#plank"},
				"west":{"uv":[4,4,6,11],"texture":"#plank"}
			}
		},
		{
			"from":[5,10.5,7.25],
			"to":[11,12,8.75],
			"faces":{
				"north":{"uv":[4,10,16,13],"texture":"#body"},
				"east":{"uv":[1,7,4,10],"texture":"#body"},
				"south":{"uv":[4,13,16,16],"texture":"#body"},
				"west":{"uv":[1,10,4,13],"texture":"#body"},
				"up":{"uv":[16,10,4,7],"texture":"#body"},
				"down":{"uv":[4,10,16,7],"texture":"#body"}
			}
		},
		{
			"from":[7.5,12,7.5],
			"to":[8.5,15,8.5],
			"faces":{
				"north":{"uv":[5,9,7,15],"texture":"#plank"},
				"east":{"uv":[3,9,5,15],"texture":"#plank"},
				"south":{"uv":[9,9,11,15],"texture":"#plank"},
				"west":{"uv":[7,9,9,15],"texture":"#plank"},
				"up":{"uv":[4,9,5,10],"texture":"#body"}
			}
		}
	],
	"display":{
		"thirdperson_righthand":{
			"translation":[0,3,1],
			"scale":[0.55,0.55,0.55]
		},
		"firstperson_righthand":{
			"rotation":[0,-90,25],
			"translation":[1.13,3.2,1.13],
			"scale":[0.68,0.68,0.68]
		},
		"ground":{
			"translation":[0,3,0],
			"scale":[0.5,0.5,0.5]
		},
		"gui":{
			"rotation":[30,225,0],
			"translation":[0,1,0]
		},
		"fixed":{
			"translation":[0,0,0.5]
		}
	}
}