{
  "display": {
    "firstperson_righthand": {
      "rotation": [
        180,
        -45,
        0
      ],
      "translation": [
        -2.5,
        0,
        3.5
      ],
      "scale": [
        0.5,
        0.5,
        0.5
      ]
    },
    "firstperson_lefthand": {
      "rotation": [
        0,
        45,
        0
      ],
      "translation": [
        0,
        2,
        0
      ],
      "scale": [
        0.4,
        0.4,
        0.4
      ]
    },
    "gui": {
      "rotation": [
        30,
        45,
        0
      ],
      "translation": [
        0,
        4,
        0
      ],
      "scale": [
        0.9,
        0.9,
        0.9
      ]
    },
    "fixed": {
      "translation": [
        0,
        4.5,
        1
      ]
    },
    "thirdperson_righthand": {
      "rotation": [
        135,
        0,
        0
      ],
      "translation": [
        0,
        -1.5,
        2
      ],
      "scale": [
        0.5,
        0.5,
        0.5
      ]
    },
    "ground": {
      "scale": [
        0.4,
        0.4,
        0.4
      ],
      "translation": [
        0,
        5,
        0
      ]
    },
    "head": {
      "translation": [
        0,
        16.25,
        0
      ]
    }
  },
  "variable_placeholders": "",
  "name": "spyglass_in_hand",
  "visible_box": [
    1,
    1,
    0
  ],
  "meta": {
    "format_version": "4.5",
    "model_format": "java_block",
    "box_uv": false
  },
  "unhandled_root_fields": {},
  "__comment": "Designed by GeForceLegend",
  "resolution": {
    "width": 16,
    "height": 16
  },
  "variable_placeholder_buttons": [],
  "outliner": [
    "0d6fa512-002c-7acc-94e8-f1d93f9a2b9a",
    "4ceb7068-1075-ccfb-0a8b-5d5173f4edd5"
  ],
  "front_gui_light": true,
  "elements": [
    {
      "from": [
        5,
        0,
        5
      ],
      "to": [
        11,
        7,
        11
      ],
      "rotation": {
        "angle": 0,
        "axis": "y",
        "origin": [
          8,
          8,
          8
        ]
      },
      "faces": {
        "north": {
          "uv": [
            3,
            6.5,
            6,
            3
          ],
          "texture": "#4"
        },
        "east": {
          "uv": [
            0,
            6.5,
            3,
            3
          ],
          "texture": "#4"
        },
        "south": {
          "uv": [
            9,
            6.5,
            12,
            3
          ],
          "texture": "#4"
        },
        "west": {
          "uv": [
            6,
            6.5,
            9,
            3
          ],
          "texture": "#4"
        },
        "up": {
          "uv": [
            3,
            0,
            6,
            3
          ],
          "texture": "#4"
        }
      }
    },
    {
      "from": [
        4,
        -2,
        4
      ],
      "to": [
        12,
        0,
        12
      ],
      "rotation": {
        "angle": 0,
        "axis": "y",
        "origin": [
          8,
          8,
          8
        ]
      },
      "faces": {
        "north": {
          "uv": [
            4,
            10.5,
            8,
            11.5
          ],
          "texture": "#4"
        },
        "east": {
          "uv": [
            0,
            10.5,
            4,
            11.5
          ],
          "texture": "#4"
        },
        "south": {
          "uv": [
            12,
            10.5,
            16,
            11.5
          ],
          "texture": "#4"
        },
        "west": {
          "uv": [
            8,
            10.5,
            12,
            11.5
          ],
          "texture": "#4"
        },
        "up": {
          "uv": [
            4,
            6.5,
            8,
            10.5
          ],
          "texture": "#4"
        },
        "down": {
          "uv": [
            8,
            6.5,
            12,
            10.5
          ],
          "texture": "#4"
        }
      }
    },
    {
      "from": [
        3,
        7,
        7
      ],
      "to": [
        13,
        9,
        9
      ],
      "rotation": {
        "angle": 0,
        "axis": "y",
        "origin": [
          8,
          8,
          8
        ]
      },
      "faces": {
        "north": {
          "uv": [
            3,
            2,
            13,
            4
          ],
          "texture": "#3"
        },
        "east": {
          "uv": [
            5,
            4,
            7,
            6
          ],
          "texture": "#3",
          "cullface": "east"
        },
        "south": {
          "uv": [
            3,
            3,
            13,
            5
          ],
          "texture": "#3"
        },
        "west": {
          "uv": [
            5,
            4,
            7,
            6
          ],
          "texture": "#3",
          "cullface": "west"
        },
        "up": {
          "uv": [
            3,
            3,
            13,
            5
          ],
          "texture": "#3"
        },
        "down": {
          "uv": [
            3,
            3,
            13,
            5
          ],
          "texture": "#3"
        }
      }
    }
  ],
  "textures": {
    "4": "entity/bell/bell_body",
    "particle": "entity/bell/bell_body",
    "bar": "block/dark_oak_planks",
    "bell": "entity/bell/bell_body",
    "3": "block/dark_oak_planks"
  },
  "credit": "Made with Blockbench"
}