{
	"credit": "Made with Blockbench",
	"textures": {
		"2": "item/blue_egg_hand",
		"particle": "item/blue_egg_hand"
	},
	"elements": [
		{
			"from": [5.5, 0, 5.5],
			"to": [10.5, 7, 10.5],
			"rotation": {"angle": 0, "axis": "y", "origin": [6.5, 0, 4.5]},
			"faces": {
				"north": {"uv": [0, 0, 5, 7], "texture": "#2"},
				"east": {"uv": [0, 0, 5, 7], "texture": "#2"},
				"south": {"uv": [0, 0, 5, 7], "texture": "#2"},
				"west": {"uv": [0, 0, 5, 7], "texture": "#2"},
				"up": {"uv": [10, 5, 5, 0], "texture": "#2"},
				"down": {"uv": [10, 5, 5, 10], "texture": "#2"}
			}
		}
	],
	"display": {
		"thirdperson_righthand": {
			"rotation": [0, -90, 0],
			"translation": [0, 3.5, 1.25],
			"scale": [0.43, 0.43, 0.43]
		},
		"thirdperson_lefthand": {
			"rotation": [0, -90, 0],
			"translation": [0, 3.5, 1.25],
			"scale": [0.43, 0.43, 0.43]
		},
		"firstperson_righthand": {
			"rotation": [-7.92, -14.14, 1.65],
			"translation": [-1, 6, 2.5],
			"scale": [0.45, 0.43, 0.45]
		},
		"firstperson_lefthand": {
			"rotation": [-7.92, -14.14, 1.65],
			"translation": [-1, 6, 2.5],
			"scale": [0.45, 0.43, 0.45]
		},
		"ground": {
			"translation": [0, 4, 0],
			"scale": [0.56, 0.54, 0.56]
		}
	}
}