{
  "display": {
    "firstperson_righthand": {
      "rotation": [
        0,
        45,
        0
      ],
      "translation": [
        0,
        0,
        0
      ],
      "scale": [
        0.4,
        0.4,
        0.4
      ]
    },
    "firstperson_lefthand": {
      "rotation": [
        0,
        225,
        0
      ],
      "translation": [
        0,
        0,
        0
      ],
      "scale": [
        0.4,
        0.4,
        0.4
      ]
    },
    "gui": {
      "rotation": [
        30,
        -45,
        0
      ],
      "translation": [
        0,
        0,
        0
      ],
      "scale": [
        0.6,
        0.6,
        0.6
      ]
    },
    "fixed": {
      "rotation": [
        0,
        0,
        0
      ],
      "translation": [
        0,
        -0.5,
        0
      ],
      "scale": [
        0.55,
        0.55,
        0.55
      ]
    },
    "thirdperson_righthand": {
      "rotation": [
        75,
        45,
        0
      ],
      "translation": [
        0,
        2.5,
        0
      ],
      "scale": [
        0.35,
        0.35,
        0.35
      ]
    },
    "ground": {
      "rotation": [
        0,
        0,
        0
      ],
      "translation": [
        0,
        3,
        0
      ],
      "scale": [
        0.25,
        0.25,
        0.25
      ]
    },
    "head": {
      "rotation": [
        180,
        0,
        0
      ],
      "translation": [
        0,
        10,
        0
      ]
    }
  },
  "variable_placeholders": "",
  "name": "spyglass_in_hand",
  "visible_box": [
    1,
    1,
    0
  ],
  "meta": {
    "format_version": "4.5",
    "model_format": "java_block",
    "box_uv": false
  },
  "unhandled_root_fields": {},
  "parent": "block/cauldron",
  "__comment": "Designed by GeForceLegend",
  "resolution": {
    "width": 16,
    "height": 16
  },
  "variable_placeholder_buttons": [],
  "outliner": [
    "0d6fa512-002c-7acc-94e8-f1d93f9a2b9a",
    "4ceb7068-1075-ccfb-0a8b-5d5173f4edd5"
  ],
  "front_gui_light": true,
  "elements": [
    {
      "from": [
        11,
        0,
        0
      ],
      "to": [
        16,
        3,
        5
      ],
      "rotation": {
        "angle": 0,
        "axis": "y",
        "origin": [
          8,
          0,
          8
        ]
      },
      "faces": {
        "north": {
          "uv": [
            0,
            13,
            5,
            16
          ],
          "texture": "#1",
          "cullface": "north"
        },
        "east": {
          "uv": [
            11,
            13,
            16,
            16
          ],
          "texture": "#1",
          "cullface": "east"
        },
        "south": {
          "uv": [
            16,
            13,
            11,
            16
          ],
          "texture": "#1"
        },
        "west": {
          "uv": [
            5,
            13,
            0,
            16
          ],
          "texture": "#1"
        },
        "down": {
          "uv": [
            12,
            14,
            16,
            16
          ],
          "texture": "#0",
          "cullface": "down"
        }
      }
    },
    {
      "from": [
        0,
        0,
        0
      ],
      "to": [
        5,
        3,
        5
      ],
      "rotation": {
        "angle": 0,
        "axis": "y",
        "origin": [
          8,
          0,
          8
        ]
      },
      "faces": {
        "north": {
          "uv": [
            11,
            13,
            16,
            16
          ],
          "texture": "#1",
          "cullface": "east"
        },
        "east": {
          "uv": [
            16,
            13,
            11,
            16
          ],
          "texture": "#1"
        },
        "south": {
          "uv": [
            5,
            13,
            0,
            16
          ],
          "texture": "#1"
        },
        "west": {
          "uv": [
            0,
            13,
            5,
            16
          ],
          "texture": "#1",
          "cullface": "north"
        },
        "down": {
          "uv": [
            12,
            14,
            16,
            16
          ],
          "rotation": 90,
          "texture": "#0",
          "cullface": "down"
        }
      }
    },
    {
      "from": [
        0,
        0,
        11
      ],
      "to": [
        5,
        3,
        16
      ],
      "rotation": {
        "angle": 0,
        "axis": "y",
        "origin": [
          8,
          0,
          8
        ]
      },
      "faces": {
        "north": {
          "uv": [
            16,
            13,
            11,
            16
          ],
          "texture": "#1"
        },
        "east": {
          "uv": [
            5,
            13,
            0,
            16
          ],
          "texture": "#1"
        },
        "south": {
          "uv": [
            0,
            13,
            5,
            16
          ],
          "texture": "#1",
          "cullface": "north"
        },
        "west": {
          "uv": [
            11,
            13,
            16,
            16
          ],
          "texture": "#1",
          "cullface": "east"
        },
        "down": {
          "uv": [
            12,
            14,
            16,
            16
          ],
          "rotation": 180,
          "texture": "#0",
          "cullface": "down"
        }
      }
    },
    {
      "from": [
        11,
        0,
        11
      ],
      "to": [
        16,
        3,
        16
      ],
      "rotation": {
        "angle": 0,
        "axis": "y",
        "origin": [
          8,
          0,
          8
        ]
      },
      "faces": {
        "north": {
          "uv": [
            5,
            13,
            0,
            16
          ],
          "texture": "#1"
        },
        "east": {
          "uv": [
            0,
            13,
            5,
            16
          ],
          "texture": "#1",
          "cullface": "north"
        },
        "south": {
          "uv": [
            11,
            13,
            16,
            16
          ],
          "texture": "#1",
          "cullface": "east"
        },
        "west": {
          "uv": [
            16,
            13,
            11,
            16
          ],
          "texture": "#1"
        },
        "down": {
          "uv": [
            12,
            14,
            16,
            16
          ],
          "rotation": 270,
          "texture": "#0",
          "cullface": "down"
        }
      }
    },
    {
      "from": [
        3,
        3,
        13
      ],
      "to": [
        13,
        16,
        16
      ],
      "faces": {
        "north": {
          "uv": [
            3,
            2,
            13,
            15
          ],
          "texture": "#1"
        },
        "south": {
          "uv": [
            3,
            0,
            13,
            13
          ],
          "texture": "#1",
          "cullface": "south"
        },
        "up": {
          "uv": [
            3,
            3,
            13,
            0
          ],
          "texture": "#4",
          "cullface": "up"
        },
        "down": {
          "uv": [
            4,
            0,
            12,
            4
          ],
          "texture": "#2"
        }
      }
    },
    {
      "from": [
        13,
        3,
        0
      ],
      "to": [
        16,
        16,
        16
      ],
      "faces": {
        "north": {
          "uv": [
            0,
            0,
            3,
            13
          ],
          "texture": "#1",
          "cullface": "north"
        },
        "east": {
          "uv": [
            0,
            0,
            16,
            13
          ],
          "texture": "#1",
          "cullface": "east"
        },
        "south": {
          "uv": [
            13,
            0,
            16,
            13
          ],
          "texture": "#1",
          "cullface": "south"
        },
        "west": {
          "uv": [
            0,
            2,
            16,
            15
          ],
          "texture": "#1"
        },
        "up": {
          "uv": [
            3,
            16,
            0,
            0
          ],
          "texture": "#4",
          "cullface": "up"
        },
        "down": {
          "uv": [
            12,
            0,
            16,
            16
          ],
          "texture": "#2"
        }
      }
    },
    {
      "from": [
        3,
        3,
        0
      ],
      "to": [
        13,
        16,
        3
      ],
      "faces": {
        "north": {
          "uv": [
            3,
            0,
            13,
            13
          ],
          "texture": "#1",
          "cullface": "north"
        },
        "south": {
          "uv": [
            3,
            2,
            13,
            15
          ],
          "texture": "#1"
        },
        "up": {
          "uv": [
            13,
            16,
            3,
            13
          ],
          "texture": "#4",
          "cullface": "up"
        },
        "down": {
          "uv": [
            4,
            12,
            12,
            16
          ],
          "texture": "#2"
        }
      }
    },
    {
      "from": [
        0,
        3,
        0
      ],
      "to": [
        3,
        16,
        16
      ],
      "faces": {
        "north": {
          "uv": [
            13,
            0,
            16,
            13
          ],
          "texture": "#1",
          "cullface": "north"
        },
        "east": {
          "uv": [
            0,
            2,
            16,
            15
          ],
          "texture": "#1"
        },
        "south": {
          "uv": [
            0,
            0,
            3,
            13
          ],
          "texture": "#1",
          "cullface": "south"
        },
        "west": {
          "uv": [
            0,
            0,
            16,
            13
          ],
          "texture": "#1",
          "cullface": "west"
        },
        "up": {
          "uv": [
            13,
            0,
            16,
            16
          ],
          "rotation": 180,
          "texture": "#4",
          "cullface": "up"
        },
        "down": {
          "uv": [
            0,
            0,
            4,
            16
          ],
          "texture": "#2"
        }
      }
    },
    {
      "from": [
        3,
        3,
        3
      ],
      "to": [
        13,
        7,
        13
      ],
      "faces": {
        "up": {
          "uv": [
            3,
            3,
            13,
            13
          ],
          "texture": "#2"
        },
        "down": {
          "uv": [
            3,
            3,
            13,
            13
          ],
          "texture": "#2"
        }
      }
    }
  ],
  "textures": {
    "0": "block/cauldron_bottom",
    "1": "block/cauldron_side",
    "2": "block/cauldron_inner",
    "4": "block/cauldron_top-",
    "particle": "block/cauldron_bottom"
  },
  "credit": "Made with Blockbench"
}