{
  "display": {
    "firstperson_righthand": {
      "rotation": [
        -10,
        -45,
        0
      ],
      "translation": [
        -0.5,
        3.5,
        0
      ],
      "scale": [
        0.75,
        0.75,
        0.75
      ]
    },
    "gui": {
      "rotation": [
        -22.5,
        22.5,
        30
      ],
      "translation": [
        -2,
        2.75,
        0
      ],
      "scale": [
        1.125,
        1.125,
        1.125
      ]
    },
    "fixed": {
      "rotation": [
        0,
        180,
        0
      ],
      "scale": [
        1,
        1,
        1
      ],
      "translation": [
        0,
        3,
        -0.25
      ]
    },
    "thirdperson_righthand": {
      "rotation": [
        15,
        30,
        0
      ],
      "translation": [
        -0.25,
        2.5,
        2.5
      ],
      "scale": [
        0.6,
        0.6,
        0.6
      ]
    },
    "ground": {
      "rotation": [
        -30,
        0,
        0
      ],
      "translation": [
        0,
        4,
        0
      ],
      "scale": [
        0.4,
        0.4,
        0.4
      ]
    },
    "head": {
      "rotation": [
        -90,
        0,
        0
      ],
      "translation": [
        0,
        5.75,
        -2.5
      ],
      "scale": [
        1,
        1,
        1
      ]
    }
  },
  "variable_placeholders": "",
  "name": "spyglass_in_hand",
  "visible_box": [
    1,
    1,
    0
  ],
  "meta": {
    "format_version": "4.5",
    "model_format": "java_block",
    "box_uv": false
  },
  "unhandled_root_fields": {},
  "__comment": "Designed by GeForceLegend",
  "parent": "block/chain",
  "resolution": {
    "width": 16,
    "height": 16
  },
  "gui_light": "front",
  "variable_placeholder_buttons": [],
  "outliner": [
    "0d6fa512-002c-7acc-94e8-f1d93f9a2b9a",
    "4ceb7068-1075-ccfb-0a8b-5d5173f4edd5"
  ],
  "front_gui_light": true,
  "elements": [
    {
      "from": [
        8.5,
        1,
        9
      ],
      "to": [
        11.5,
        10,
        9
      ],
      "rotation": {
        "angle": 0,
        "axis": "y",
        "origin": [
          8,
          11,
          8
        ]
      },
      "faces": {
        "north": {
          "uv": [
            3,
            6,
            0,
            15
          ],
          "texture": "#0"
        },
        "south": {
          "uv": [
            0,
            6,
            3,
            15
          ],
          "texture": "#0"
        }
      }
    },
    {
      "from": [
        4.5,
        0,
        9
      ],
      "to": [
        7.5,
        9,
        9
      ],
      "rotation": {
        "angle": 0,
        "axis": "y",
        "origin": [
          8,
          11,
          8
        ]
      },
      "faces": {
        "north": {
          "uv": [
            3,
            1,
            0,
            10
          ],
          "texture": "#0"
        },
        "south": {
          "uv": [
            0,
            1,
            3,
            10
          ],
          "texture": "#0"
        }
      }
    },
    {
      "from": [
        10,
        3,
        7.5
      ],
      "to": [
        10,
        7,
        10.5
      ],
      "rotation": {
        "angle": 0,
        "axis": "y",
        "origin": [
          8,
          11,
          8
        ]
      },
      "faces": {
        "east": {
          "uv": [
            3,
            9,
            6,
            13
          ],
          "texture": "#0"
        },
        "west": {
          "uv": [
            6,
            9,
            3,
            13
          ],
          "texture": "#0"
        }
      }
    },
    {
      "from": [
        6,
        3,
        7.5
      ],
      "to": [
        6,
        7,
        10.5
      ],
      "rotation": {
        "angle": -22.5,
        "axis": "y",
        "origin": [
          6,
          5,
          9
        ]
      },
      "faces": {
        "east": {
          "uv": [
            3,
            9,
            6,
            13
          ],
          "texture": "#0"
        },
        "west": {
          "uv": [
            6,
            9,
            3,
            13
          ],
          "texture": "#0"
        }
      }
    },
    {
      "from": [
        5.5,
        8.5,
        7.5
      ],
      "to": [
        9.5,
        8.5,
        10.5
      ],
      "rotation": {
        "angle": 22.5,
        "axis": "x",
        "origin": [
          7.5,
          8.5,
          9
        ]
      },
      "faces": {
        "up": {
          "uv": [
            0,
            6,
            3,
            10
          ],
          "rotation": 270,
          "texture": "#0"
        },
        "down": {
          "uv": [
            0,
            1,
            1,
            4
          ],
          "rotation": 270,
          "texture": "#0"
        }
      }
    }
  ],
  "textures": {
    "0": "block/chain",
    "particle": "block/chain"
  },
  "credit": "Made with Blockbench"
}