{
	"credit": "Made with Blockbench",
	"texture_size": [64, 64],
	"textures": {
		"5": "item/bucket_cod"
	},
	"elements": [
		{
			"name": "body",
			"from": [6.84, 11.72, 4.4],
			"to": [9.08, 16.2, 12.24],
			"rotation": {"angle": 45, "axis": "x", "origin": [7.96, 11.72, 3.28]},
			"faces": {
				"north": {"uv": [8.25, 8.25, 8.75, 9.25], "texture": "#5"},
				"east": {"uv": [6.75, 0, 8.75, 1], "texture": "#5"},
				"south": {"uv": [8.5, 4.25, 9, 5.25], "texture": "#5"},
				"west": {"uv": [6.75, 1, 8.75, 2], "texture": "#5"},
				"up": {"uv": [4.5, 8.75, 4, 6.75], "texture": "#5"},
				"down": {"uv": [5, 6.75, 4.5, 8.75], "texture": "#5"}
			}
		},
		{
			"name": "body",
			"from": [7.96, 15.6, 3.78],
			"to": [7.96, 16.72, 10.5],
			"rotation": {"angle": 45, "axis": "x", "origin": [7.96, 11.12, 3.78]},
			"faces": {
				"north": {"uv": [0, 0, 0, 0.25], "texture": "#5"},
				"east": {"uv": [7.25, 8.5, 5.5, 8.75], "texture": "#5"},
				"south": {"uv": [5.5, 8.5, 7.25, 8.75], "texture": "#5"},
				"west": {"uv": [5.5, 8.5, 7.25, 8.75], "texture": "#5"},
				"up": {"uv": [0, 1.75, 0, 0], "texture": "#5"},
				"down": {"uv": [0, 0, 0, 1.75], "texture": "#5"}
			}
		},
		{
			"name": "body",
			"from": [7.96, 10.6, 6.64],
			"to": [7.96, 11.72, 8.88],
			"rotation": {"angle": 45, "axis": "x", "origin": [7.96, 11.72, 3.28]},
			"faces": {
				"north": {"uv": [0, 0, 0, 0.25], "texture": "#5"},
				"east": {"uv": [8.75, 0.75, 9.25, 1], "texture": "#5"},
				"south": {"uv": [0, 0, 0, 0.25], "texture": "#5"},
				"west": {"uv": [1, 8.75, 1.5, 9], "texture": "#5"},
				"up": {"uv": [0, 0.5, 0, 0], "texture": "#5"},
				"down": {"uv": [0, 0, 0, 0.5], "texture": "#5"}
			}
		},
		{
			"name": "head",
			"from": [6.86071, 11.54549, 1.2088],
			"to": [9.07831, 14.87189, 2.3176],
			"rotation": {"angle": 22.5, "axis": "x", "origin": [7.9704, 10.4358, 4.5352]},
			"faces": {
				"north": {"uv": [8.5, 6.25, 9, 7], "texture": "#5"},
				"east": {"uv": [0.5, 8.75, 0.75, 9.5], "texture": "#5"},
				"south": {"uv": [8.5, 7, 9, 7.75], "texture": "#5"},
				"west": {"uv": [0.75, 8.75, 1, 9.5], "texture": "#5"},
				"up": {"uv": [9.25, 1.25, 8.75, 1], "texture": "#5"},
				"down": {"uv": [9.25, 1.25, 8.75, 1.5], "texture": "#5"}
			}
		},
		{
			"name": "head",
			"from": [6.8616, 10.4358, 2.3176],
			"to": [9.0792, 14.871, 5.644],
			"rotation": {"angle": 22.5, "axis": "x", "origin": [7.9704, 10.4358, 4.5352]},
			"faces": {
				"north": {"uv": [5, 8.5, 5.5, 9.5], "texture": "#5"},
				"east": {"uv": [5, 6.75, 5.75, 7.75], "texture": "#5"},
				"south": {"uv": [8.5, 5.25, 9, 6.25], "texture": "#5"},
				"west": {"uv": [5.75, 6.75, 6.5, 7.75], "texture": "#5"},
				"up": {"uv": [0.5, 9.5, 0, 8.75], "texture": "#5"},
				"down": {"uv": [9.25, 0, 8.75, 0.75], "texture": "#5"}
			}
		},
		{
			"name": "leftFin",
			"from": [4.6, 12.37525, 6.26191],
			"to": [6.84, 12.49525, 8.50191],
			"rotation": {"angle": 45, "axis": "x", "origin": [8.96, 13.44, 4.48]},
			"faces": {
				"north": {"uv": [1.5, 8.75, 2, 9], "texture": "#5"},
				"east": {"uv": [8.75, 1.5, 9.25, 1.75], "texture": "#5"},
				"south": {"uv": [8.75, 1.75, 9.25, 2], "texture": "#5"},
				"west": {"uv": [8.75, 2, 9.25, 2.25], "texture": "#5"},
				"up": {"uv": [5.5, 8.25, 5, 7.75], "texture": "#5"},
				"down": {"uv": [6, 7.75, 5.5, 8.25], "texture": "#5"}
			}
		},
		{
			"name": "rightFin",
			"from": [9.08, 9.14336, 4.76149],
			"to": [11.32, 11.38336, 4.88149],
			"rotation": {"angle": -45, "axis": "x", "origin": [10.2, 11.67757, 4.82149]},
			"faces": {
				"north": {"uv": [6, 7.75, 6.5, 8.25], "texture": "#5"},
				"east": {"uv": [8.75, 2.25, 9, 2.75], "texture": "#5"},
				"south": {"uv": [8.5, 7.75, 9, 8.25], "texture": "#5"},
				"west": {"uv": [8.75, 2.75, 9, 3.25], "texture": "#5"},
				"up": {"uv": [9.25, 3.5, 8.75, 3.25], "texture": "#5"},
				"down": {"uv": [4.5, 8.75, 4, 9], "texture": "#5"}
			}
		},
		{
			"from": [3, 2, 3],
			"to": [13, 11, 4],
			"rotation": {"angle": 0, "axis": "y", "origin": [3, 1, 3]},
			"faces": {
				"north": {"uv": [0, 0, 2.5, 2.25], "texture": "#5"},
				"east": {"uv": [2, 7.25, 2.25, 9.5], "texture": "#5"},
				"south": {"uv": [0, 2.25, 2.5, 4.5], "texture": "#5"},
				"west": {"uv": [2.25, 7.25, 2.5, 9.5], "texture": "#5"},
				"up": {"uv": [9.25, 3.75, 6.75, 3.5], "texture": "#5"},
				"down": {"uv": [9.25, 3.75, 6.75, 4], "texture": "#5"}
			}
		},
		{
			"from": [3, 2, 4],
			"to": [4, 11, 13],
			"rotation": {"angle": 0, "axis": "y", "origin": [3, 1, 13]},
			"faces": {
				"north": {"uv": [2.5, 7.25, 2.75, 9.5], "texture": "#5"},
				"east": {"uv": [2.5, 0, 4.75, 2.25], "texture": "#5"},
				"south": {"uv": [2.75, 7.25, 3, 9.5], "texture": "#5"},
				"west": {"uv": [2.5, 2.25, 4.75, 4.5], "texture": "#5"},
				"up": {"uv": [3.25, 9.5, 3, 7.25], "texture": "#5"},
				"down": {"uv": [3.5, 7.25, 3.25, 9.5], "texture": "#5"}
			}
		},
		{
			"from": [4, 2, 12],
			"to": [13, 11, 13],
			"rotation": {"angle": 0, "axis": "y", "origin": [13, 1, 13]},
			"faces": {
				"north": {"uv": [0, 4.5, 2.25, 6.75], "texture": "#5"},
				"east": {"uv": [3.5, 7.25, 3.75, 9.5], "texture": "#5"},
				"south": {"uv": [2.25, 4.5, 4.5, 6.75], "texture": "#5"},
				"west": {"uv": [3.75, 7.25, 4, 9.5], "texture": "#5"},
				"up": {"uv": [9, 4.25, 6.75, 4], "texture": "#5"},
				"down": {"uv": [7.25, 8.25, 5, 8.5], "texture": "#5"}
			}
		},
		{
			"from": [12, 2, 4],
			"to": [13, 11, 12],
			"rotation": {"angle": 0, "axis": "y", "origin": [12, 1, 13]},
			"faces": {
				"north": {"uv": [7.25, 8.25, 7.5, 10.5], "texture": "#5"},
				"east": {"uv": [4.5, 4.5, 6.5, 6.75], "texture": "#5"},
				"south": {"uv": [7.5, 8.25, 7.75, 10.5], "texture": "#5"},
				"west": {"uv": [4.75, 0, 6.75, 2.25], "texture": "#5"},
				"up": {"uv": [8, 10.25, 7.75, 8.25], "texture": "#5"},
				"down": {"uv": [8.25, 8.25, 8, 10.25], "texture": "#5"}
			}
		},
		{
			"from": [4, 0, 4],
			"to": [12, 2, 12],
			"rotation": {"angle": 0, "axis": "y", "origin": [4, 0, 4]},
			"faces": {
				"north": {"uv": [2, 6.75, 4, 7.25], "texture": "#5"},
				"east": {"uv": [6.75, 2, 8.75, 2.5], "texture": "#5"},
				"south": {"uv": [6.75, 2.5, 8.75, 3], "texture": "#5"},
				"west": {"uv": [6.75, 3, 8.75, 3.5], "texture": "#5"},
				"up": {"uv": [8.5, 8.25, 6.5, 6.25], "texture": "#5"},
				"down": {"uv": [2, 6.75, 0, 8.75], "texture": "#5"}
			}
		},
		{
			"from": [4, 10, 4],
			"to": [12, 10, 12],
			"rotation": {"angle": 0, "axis": "y", "origin": [8, 8, 4]},
			"faces": {
				"north": {"uv": [0, 0, 2, 0], "texture": "#5"},
				"east": {"uv": [0, 0, 2, 0], "texture": "#5"},
				"south": {"uv": [0, 0, 2, 0], "texture": "#5"},
				"west": {"uv": [0, 0, 2, 0], "texture": "#5"},
				"up": {"uv": [6.75, 4.25, 4.75, 2.25], "texture": "#5"},
				"down": {"uv": [8.5, 4.25, 6.5, 6.25], "texture": "#5"}
			}
		}
	],
	"display": {
		"thirdperson_righthand": {
			"rotation": [68, 0, 0],
			"translation": [-0.05, 0.5, -1.25],
			"scale": [0.47, 0.5, 0.47]
		},
		"thirdperson_lefthand": {
			"rotation": [68, 0, 0],
			"translation": [-0.05, 0.5, -1.25],
			"scale": [0.47, 0.5, 0.47]
		},
		"firstperson_righthand": {
			"rotation": [175.26, -34.38, 170.76],
			"translation": [1.25, 2.75, 0],
			"scale": [0.5, 0.5, 0.5]
		},
		"firstperson_lefthand": {
			"rotation": [-4, -145, -8],
			"translation": [1.25, 2.75, 0],
			"scale": [0.5, 0.5, 0.5]
		}
	},
	"groups": [
		{
			"name": "body",
			"origin": [0, 0, 0],
			"color": 0,
			"children": [
				0,
				1,
				2,
				{
					"name": "head",
					"origin": [0, 2, 0],
					"color": 0,
					"children": [3, 4]
				},
				{
					"name": "leftFin",
					"origin": [-1, 1, 0],
					"rotation": [0, 0, 35],
					"color": 0,
					"children": [5]
				},
				{
					"name": "rightFin",
					"origin": [1, 1, 0],
					"rotation": [0, 0, -35],
					"color": 0,
					"children": [6]
				},
				{
					"name": "waist",
					"origin": [0, 0, 0],
					"color": 0,
					"children": []
				}
			]
		},
		7,
		8,
		9,
		10,
		11,
		12
	]
}