{
	"__comment":"Designed by GeForceLegend",
	"parent":"item/minecart",
	"textures":{
		"minecart":"item/minecart_model",
		"back":"block/command_block_back",
		"front":"block/command_block_front",
		"side":"block/command_block_side",
		"particle":"item/command_block_minecart"
	},
	"elements":[
		{
			"from":[0,2,-2],
			"to":[16,4,18],
			"faces":{
				"north":{"uv":[8,4,16,5],"texture":"#minecart"},
				"east":{"uv":[10,15,0,16],"texture":"#minecart"},
				"south":{"uv":[8,5,16,4],"texture":"#minecart"},
				"west":{"uv":[0,15,10,16],"texture":"#minecart"},
				"up":{"uv":[8,5,16,15],"texture":"#minecart"},
				"down":{"uv":[0,5,8,15],"texture":"#minecart"}
			}
		},
		{
			"from":[0,4,0],
			"to":[2,12,16],
			"faces":{
				"east":{"uv":[0,1,8,5],"texture":"#minecart"},
				"west":{"uv":[8,0,16,4],"texture":"#minecart"},
				"up":{"uv":[8,1,0,0],"rotation":90,"texture":"#minecart"}
			}
		},
		{
			"from":[14,4,0],
			"to":[16,12,16],
			"faces":{
				"east":{"uv":[8,0,16,4],"texture":"#minecart"},
				"west":{"uv":[0,1,8,5],"texture":"#minecart"},
				"up":{"uv":[0,0,8,1],"rotation":90,"texture":"#minecart"}
			}
		},
		{
			"from":[0,4,16],
			"to":[16,12,18],
			"faces":{
				"north":{"uv":[0,1,8,5],"texture":"#minecart"},
				"east":{"uv":[12,15,16,16],"rotation":90,"texture":"#minecart"},
				"south":{"uv":[8,0,16,4],"texture":"#minecart"},
				"west":{"uv":[12,16,16,15],"rotation":90,"texture":"#minecart"},
				"up":{"uv":[8,1,0,0],"texture":"#minecart"}
			}
		},
		{
			"from":[0,4,-2],
			"to":[16,12,0],
			"faces":{
				"north":{"uv":[8,0,16,4],"texture":"#minecart"},
				"east":{"uv":[12,16,16,15],"rotation":90,"texture":"#minecart"},
				"south":{"uv":[0,1,8,5],"texture":"#minecart"},
				"west":{"uv":[12,15,16,16],"rotation":90,"texture":"#minecart"},
				"up":{"uv":[0,0,8,1],"texture":"#minecart"}
			}
		},
		{
			"from":[2,5.5,2],
			"to":[14,17.5,14],
			"faces":{
				"north":{"uv":[0,0,16,16],"texture":"#front"},
				"east":{"uv":[0,0,16,16],"rotation":90,"texture":"#side"},
				"south":{"uv":[0,0,16,16],"texture":"#back"},
				"west":{"uv":[0,16,16,0],"rotation":90,"texture":"#side"},
				"up":{"uv":[0,0,16,16],"texture":"#side"}
			}
		}
	]
}