{
  "display": {
    "firstperson_righthand": {
      "rotation": [
        65,
        0,
        10
      ],
      "translation": [
        2,
        1,
        -3.5
      ],
      "scale": [
        0.8,
        0.8,
        0.8
      ]
    },
    "firstperson_lefthand": {
      "rotation": [
        0,
        225,
        0
      ],
      "translation": [
        0,
        4.2,
        0
      ],
      "scale": [
        0.4,
        0.4,
        0.4
      ]
    },
    "gui": {
      "rotation": [
        45,
        -40,
        0
      ],
      "translation": [
        0,
        0,
        0
      ],
      "scale": [
        0.8,
        0.8,
        0.8
      ]
    },
    "fixed": {
      "rotation": [
        -90,
        180,
        0
      ],
      "translation": [
        0,
        0,
        0.25
      ],
      "scale": [
        0.8,
        0.8,
        0.8
      ]
    },
    "thirdperson_righthand": {
      "rotation": [
        75,
        45,
        0
      ],
      "translation": [
        -0.5,
        0.5,
        0
      ],
      "scale": [
        0.4,
        0.4,
        0.4
      ]
    },
    "ground": {
      "rotation": [
        30,
        0,
        0
      ],
      "translation": [
        0,
        2.5,
        0
      ],
      "scale": [
        0.35,
        0.35,
        0.35
      ]
    },
    "head": {
      "translation": [
        0,
        7.4,
        0
      ]
    }
  },
  "variable_placeholders": "",
  "name": "spyglass_in_hand",
  "visible_box": [
    1,
    1,
    0
  ],
  "meta": {
    "format_version": "4.5",
    "model_format": "java_block",
    "box_uv": false
  },
  "unhandled_root_fields": {},
  "parent": "block/comparator",
  "__comment": "Designed by GeForceLegend",
  "resolution": {
    "width": 16,
    "height": 16
  },
  "variable_placeholder_buttons": [],
  "outliner": [
    "0d6fa512-002c-7acc-94e8-f1d93f9a2b9a",
    "4ceb7068-1075-ccfb-0a8b-5d5173f4edd5"
  ],
  "front_gui_light": true,
  "elements": [
    {
      "from": [
        4,
        7,
        1
      ],
      "to": [
        5,
        9,
        15
      ],
      "faces": {
        "north": {
          "uv": [
            0,
            0,
            2,
            1
          ],
          "rotation": 90,
          "texture": "#6",
          "cullface": "north"
        },
        "south": {
          "uv": [
            2,
            15,
            0,
            16
          ],
          "rotation": 270,
          "texture": "#6",
          "cullface": "south"
        },
        "west": {
          "uv": [
            2,
            0,
            0,
            14
          ],
          "rotation": 270,
          "texture": "#6",
          "cullface": "west"
        },
        "up": {
          "uv": [
            0,
            1,
            1,
            15
          ],
          "texture": "#6"
        },
        "down": {
          "uv": [
            0,
            1,
            1,
            15
          ],
          "texture": "#4",
          "cullface": "down"
        }
      }
    },
    {
      "from": [
        11,
        7,
        1
      ],
      "to": [
        12,
        9,
        15
      ],
      "faces": {
        "north": {
          "uv": [
            14,
            0,
            16,
            1
          ],
          "rotation": 270,
          "texture": "#6",
          "cullface": "north"
        },
        "east": {
          "uv": [
            16,
            0,
            14,
            14
          ],
          "rotation": 90,
          "texture": "#6",
          "cullface": "east"
        },
        "south": {
          "uv": [
            16,
            15,
            14,
            16
          ],
          "rotation": 90,
          "texture": "#6",
          "cullface": "south"
        },
        "up": {
          "uv": [
            15,
            1,
            16,
            15
          ],
          "texture": "#6"
        },
        "down": {
          "uv": [
            15,
            1,
            16,
            15
          ],
          "texture": "#4",
          "cullface": "down"
        }
      }
    },
    {
      "from": [
        5,
        7,
        14
      ],
      "to": [
        11,
        9,
        15
      ],
      "faces": {
        "south": {
          "uv": [
            16,
            14,
            14,
            15
          ],
          "rotation": 90,
          "texture": "#6",
          "cullface": "south"
        },
        "up": {
          "uv": [
            5,
            15,
            11,
            16
          ],
          "texture": "#6"
        },
        "down": {
          "uv": [
            5,
            15,
            11,
            16
          ],
          "texture": "#4",
          "cullface": "down"
        }
      }
    },
    {
      "from": [
        5,
        7,
        1
      ],
      "to": [
        11,
        9,
        2
      ],
      "rotation": {
        "angle": 0,
        "axis": "y",
        "origin": [
          0,
          0,
          -13
        ]
      },
      "faces": {
        "north": {
          "uv": [
            11,
            0,
            5,
            2
          ],
          "texture": "#6",
          "cullface": "north"
        },
        "up": {
          "uv": [
            5,
            0,
            11,
            1
          ],
          "texture": "#6"
        },
        "down": {
          "uv": [
            5,
            0,
            11,
            1
          ],
          "texture": "#4",
          "cullface": "down"
        }
      }
    },
    {
      "from": [
        5,
        7,
        2
      ],
      "to": [
        11,
        9,
        14
      ],
      "faces": {
        "up": {
          "uv": [
            5,
            3,
            11,
            15
          ],
          "texture": "#6"
        },
        "down": {
          "uv": [
            5,
            3,
            11,
            15
          ],
          "texture": "#4",
          "cullface": "down"
        }
      }
    },
    {
      "name": "cube1",
      "from": [
        5,
        9,
        10
      ],
      "to": [
        7,
        12,
        12
      ],
      "faces": {
        "north": {
          "uv": [
            7,
            7,
            9,
            10
          ],
          "texture": "#3"
        },
        "east": {
          "uv": [
            7,
            7,
            9,
            10
          ],
          "texture": "#3"
        },
        "south": {
          "uv": [
            7,
            7,
            9,
            10
          ],
          "texture": "#3"
        },
        "west": {
          "uv": [
            7,
            7,
            9,
            10
          ],
          "texture": "#3"
        },
        "up": {
          "uv": [
            7,
            6,
            9,
            8
          ],
          "texture": "#3"
        }
      }
    },
    {
      "name": "cube1",
      "from": [
        9,
        9,
        10
      ],
      "to": [
        11,
        12,
        12
      ],
      "faces": {
        "north": {
          "uv": [
            7,
            7,
            9,
            10
          ],
          "texture": "#3"
        },
        "east": {
          "uv": [
            7,
            7,
            9,
            10
          ],
          "texture": "#3"
        },
        "south": {
          "uv": [
            7,
            7,
            9,
            10
          ],
          "texture": "#3"
        },
        "west": {
          "uv": [
            7,
            7,
            9,
            10
          ],
          "texture": "#3"
        },
        "up": {
          "uv": [
            7,
            6,
            9,
            8
          ],
          "texture": "#3"
        }
      }
    },
    {
      "name": "cube1",
      "from": [
        7,
        9,
        3
      ],
      "to": [
        9,
        11,
        5
      ],
      "faces": {
        "north": {
          "uv": [
            7,
            7,
            9,
            9
          ],
          "texture": "#3"
        },
        "east": {
          "uv": [
            7,
            7,
            9,
            9
          ],
          "texture": "#3"
        },
        "south": {
          "uv": [
            7,
            7,
            9,
            9
          ],
          "texture": "#3"
        },
        "west": {
          "uv": [
            7,
            7,
            9,
            9
          ],
          "texture": "#3"
        },
        "up": {
          "uv": [
            7,
            6,
            9,
            8
          ],
          "texture": "#3"
        }
      }
    }
  ],
  "textures": {
    "3": "block/redstone_torch_off",
    "4": "block/smooth_stone",
    "6": "block/comparator",
    "particle": "block/comparator-"
  },
  "credit": "Made with Blockbench"
}