{
	"credit": "Made with Blockbench",
	"ambientocclusion": false,
	"textures": {
		"4": "item/comparator_hand"
	},
	"elements": [
		{
			"from": [2.79825, -0.393, 2.97925],
			"to": [13.19825, 2.057, 13.37925],
			"rotation": {"angle": 0, "axis": "y", "origin": [2.79825, 0.107, 2.97925]},
			"faces": {
				"north": {"uv": [5, 0, 10, 1], "texture": "#4", "cullface": "north"},
				"east": {"uv": [5, 0, 10, 1], "texture": "#4", "cullface": "east"},
				"south": {"uv": [5, 0, 10, 1], "texture": "#4", "cullface": "south"},
				"west": {"uv": [5, 0, 10, 1], "texture": "#4", "cullface": "west"},
				"up": {"uv": [5, 5, 0, 0], "texture": "#4"},
				"down": {"uv": [5, 5, 0, 10], "texture": "#4", "cullface": "down"}
			}
		},
		{
			"from": [7.1825, 1.9705, 4.2175],
			"to": [8.8075, 4.333, 5.8425],
			"shade": false,
			"rotation": {"angle": 0, "axis": "y", "origin": [1.495, -0.3545, -0.6575]},
			"faces": {
				"north": {"uv": [5, 1, 6, 3], "texture": "#4"},
				"east": {"uv": [5, 1, 6, 3], "texture": "#4"},
				"south": {"uv": [5, 1, 6, 3], "texture": "#4"},
				"west": {"uv": [5, 1, 6, 3], "texture": "#4"},
				"up": {"uv": [6, 4.5, 5, 3.5], "texture": "#4"}
			}
		},
		{
			"from": [4.5825, 1.6705, 10.0175],
			"to": [6.2075, 5.033, 11.6425],
			"shade": false,
			"rotation": {"angle": 0, "axis": "y", "origin": [-1.105, 0.3455, 5.1425]},
			"faces": {
				"north": {"uv": [5, 1, 6, 3], "texture": "#4"},
				"east": {"uv": [5, 1, 6, 3], "texture": "#4"},
				"south": {"uv": [5, 1, 6, 3], "texture": "#4"},
				"west": {"uv": [5, 1, 6, 3], "texture": "#4"},
				"up": {"uv": [6, 4.5, 5, 3.5], "texture": "#4"}
			}
		},
		{
			"from": [9.8075, 1.6705, 10.0175],
			"to": [11.4325, 5.033, 11.6425],
			"shade": false,
			"rotation": {"angle": 0, "axis": "y", "origin": [4.12, 0.3455, 5.1425]},
			"faces": {
				"north": {"uv": [5, 1, 6, 3], "texture": "#4"},
				"east": {"uv": [5, 1, 6, 3], "texture": "#4"},
				"south": {"uv": [5, 1, 6, 3], "texture": "#4"},
				"west": {"uv": [5, 1, 6, 3], "texture": "#4"},
				"up": {"uv": [6, 4.5, 5, 3.5], "texture": "#4"}
			}
		}
	],
	"display": {
		"thirdperson_righthand": {
			"rotation": [66, 7, 0],
			"translation": [0, 3, 3],
			"scale": [0.59, 0.59, 0.59]
		},
		"thirdperson_lefthand": {
			"rotation": [66, 7, 0],
			"translation": [0, 3, 3],
			"scale": [0.59, 0.59, 0.59]
		},
		"firstperson_righthand": {
			"rotation": [29, 7, 0],
			"translation": [1.75, 6.5, 1.5],
			"scale": [0.59, 0.8, 0.59]
		},
		"firstperson_lefthand": {
			"rotation": [29, 7, 0],
			"translation": [1.75, 6.5, 1.5],
			"scale": [0.59, 0.8, 0.59]
		}
	},
	"groups": [
		0,
		{
			"name": "group",
			"origin": [0, 0, -4],
			"color": 0,
			"children": [
				1,
				{
					"name": "group",
					"origin": [0, 0, -4],
					"color": 0,
					"children": [2, 3]
				}
			]
		}
	]
}