{
	"__comment":"Designed by GeForceLegend",
	"parent":"item/door",
	"textures":{
		"top2":"block/copper_door_top2",
		"top1":"block/copper_door_top1",
		"top":"block/copper_door_top",
		"bottom1":"block/copper_door_bottom1",
		"particle":"block/copper_door_bottom",
		"bottom":"block/copper_door_bottom"
	},
	"elements":[
		{
			"from":[3.01,8,5.51],
			"to":[4.99,9,10.5],
			"faces":{
				"north":{"uv":[11,15,13,16],"texture":"#top"},
				"east":{"uv":[11,15,12,16],"texture":"#top"},
				"south":{"uv":[13,15,11,16],"texture":"#top"},
				"west":{"uv":[12,15,13,16],"texture":"#top"},
				"up":{"uv":[11,15,13,16],"rotation":180,"texture":"#top"}
			}
		},
		{
			"from":[4,13,7.5],
			"to":[7,14,8.5],
			"faces":{
				"north":{"uv":[9,10,12,11],"texture":"#top"},
				"east":{"uv":[9,10,10,11],"texture":"#top"},
				"south":{"uv":[12,10,9,11],"texture":"#top"},
				"west":{"uv":[11,10,12,11],"texture":"#top"},
				"up":{"uv":[12,10,9,11],"texture":"#top"},
				"down":{"uv":[12,10,9,11],"texture":"#top"}
			}
		},
		{
			"from":[5,12,7.5],
			"to":[6,15,8.5],
			"faces":{
				"north":{"uv":[10,9,11,12],"texture":"#top"},
				"east":{"uv":[11,9,10,12],"texture":"#top"},
				"south":{"uv":[10,9,11,12],"texture":"#top"},
				"west":{"uv":[11,9,10,12],"texture":"#top"},
				"up":{"uv":[11,9,10,10],"texture":"#top"},
				"down":{"uv":[10,11,11,12],"rotation":270,"texture":"#top"}
			}
		},
		{
			"from":[5,17,7.5],
			"to":[6,20,8.5],
			"faces":{
				"north":{"uv":[10,4,11,7],"texture":"#top"},
				"east":{"uv":[11,4,10,7],"texture":"#top"},
				"south":{"uv":[10,4,11,7],"texture":"#top"},
				"west":{"uv":[11,4,10,7],"texture":"#top"},
				"up":{"uv":[11,4,10,5],"texture":"#top"},
				"down":{"uv":[10,6,11,7],"rotation":270,"texture":"#top"}
			}
		},
		{
			"from":[4,18,7.5],
			"to":[7,19,8.5],
			"faces":{
				"north":{"uv":[9,5,12,6],"texture":"#top"},
				"east":{"uv":[9,5,10,6],"texture":"#top"},
				"south":{"uv":[12,5,9,6],"texture":"#top"},
				"west":{"uv":[11,5,12,6],"texture":"#top"},
				"up":{"uv":[12,5,9,6],"texture":"#top"},
				"down":{"uv":[12,5,9,6],"texture":"#top"}
			}
		},
		{
			"from":[9,18,7.5],
			"to":[12,19,8.5],
			"faces":{
				"north":{"uv":[4,5,7,6],"texture":"#top"},
				"east":{"uv":[4,5,5,6],"texture":"#top"},
				"south":{"uv":[7,5,4,6],"texture":"#top"},
				"west":{"uv":[6,5,7,6],"texture":"#top"},
				"up":{"uv":[7,5,4,6],"texture":"#top"},
				"down":{"uv":[7,5,4,6],"texture":"#top"}
			}
		},
		{
			"from":[10,17,7.5],
			"to":[11,20,8.5],
			"faces":{
				"north":{"uv":[5,4,6,7],"texture":"#top"},
				"east":{"uv":[5,4,6,7],"texture":"#top"},
				"south":{"uv":[5,4,6,7],"texture":"#top"},
				"west":{"uv":[5,4,6,7],"texture":"#top"},
				"up":{"uv":[6,4,5,5],"texture":"#top"},
				"down":{"uv":[5,6,6,7],"rotation":270,"texture":"#top"}
			}
		},
		{
			"from":[10,12,7.5],
			"to":[11,15,8.5],
			"faces":{
				"north":{"uv":[5,9,6,12],"texture":"#top"},
				"east":{"uv":[5,9,6,12],"texture":"#top"},
				"south":{"uv":[5,9,6,12],"texture":"#top"},
				"west":{"uv":[5,9,6,12],"texture":"#top"},
				"up":{"uv":[6,9,5,10],"texture":"#top"},
				"down":{"uv":[5,11,6,12],"rotation":270,"texture":"#top"}
			}
		},
		{
			"from":[9,13,7.5],
			"to":[12,14,8.5],
			"faces":{
				"north":{"uv":[4,10,7,11],"texture":"#top"},
				"east":{"uv":[4,10,5,11],"texture":"#top"},
				"south":{"uv":[7,10,4,11],"texture":"#top"},
				"west":{"uv":[6,10,7,11],"texture":"#top"},
				"up":{"uv":[7,10,4,11],"texture":"#top"},
				"down":{"uv":[7,10,4,11],"texture":"#top"}
			}
		},
		{
			"from":[3,11,7.5],
			"to":[5,13,8.5],
			"faces":{
				"north":{"uv":[11,11,13,13],"texture":"#top"},
				"east":{"uv":[11,11,12,13],"texture":"#top"},
				"south":{"uv":[13,11,11,13],"texture":"#top"},
				"up":{"uv":[13,11,11,12],"texture":"#top"}
			}
		},
		{
			"from":[3,19,7.5],
			"to":[5,21,8.5],
			"faces":{
				"north":{"uv":[11,3,13,5],"texture":"#top"},
				"east":{"uv":[11,3,12,5],"texture":"#top"},
				"south":{"uv":[13,3,11,5],"texture":"#top"},
				"down":{"uv":[13,4,11,5],"texture":"#top"}
			}
		},
		{
			"from":[11,19,7.5],
			"to":[13,21,8.5],
			"faces":{
				"north":{"uv":[3,3,5,5],"texture":"#top"},
				"south":{"uv":[5,3,3,5],"texture":"#top"},
				"west":{"uv":[4,3,5,5],"texture":"#top"},
				"down":{"uv":[5,4,3,5],"texture":"#top"}
			}
		},
		{
			"from":[11,11,7.5],
			"to":[13,13,8.5],
			"faces":{
				"north":{"uv":[3,11,5,13],"texture":"#top"},
				"south":{"uv":[5,11,3,13],"texture":"#top"},
				"west":{"uv":[4,11,5,13],"texture":"#top"},
				"up":{"uv":[5,11,3,12],"texture":"#top"}
			}
		},
		{
			"from":[6,14,7.5],
			"to":[10,18,8.5],
			"faces":{
				"north":{"uv":[6,6,10,10],"texture":"#top"},
				"east":{"uv":[6,6,7,10],"texture":"#top"},
				"south":{"uv":[10,6,6,10],"texture":"#top"},
				"west":{"uv":[9,6,10,10],"texture":"#top"},
				"up":{"uv":[10,6,6,7],"texture":"#top"},
				"down":{"uv":[10,9,6,10],"texture":"#top"}
			}
		},
		{
			"from":[3,8,6.5],
			"to":[13,11,9.5],
			"faces":{
				"north":{"uv":[3,13,13,16],"texture":"#top"},
				"south":{"uv":[13,13,3,16],"texture":"#top"},
				"up":{"uv":[13,13,3,16],"texture":"#top2"},
				"down":{"uv":[13,15,3,16],"texture":"#top"}
			}
		},
		{
			"from":[0,8,6.5],
			"to":[3,21,9.5],
			"faces":{
				"north":{"uv":[13,3,16,16],"texture":"#top"},
				"east":{"uv":[13,3,16,16],"texture":"#top2"},
				"south":{"uv":[16,3,13,16],"texture":"#top"},
				"west":{"uv":[13,3,16,16],"texture":"#top1"}
			}
		},
		{
			"from":[13,8,6.5],
			"to":[16,21,9.5],
			"faces":{
				"north":{"uv":[0,3,3,16],"texture":"#top"},
				"east":{"uv":[0,3,3,16],"texture":"#top1"},
				"south":{"uv":[3,3,0,16],"texture":"#top"},
				"west":{"uv":[0,3,3,16],"texture":"#top2"}
			}
		},
		{
			"from":[0,21,6.5],
			"to":[16,24,9.5],
			"faces":{
				"north":{"uv":[0,0,16,3],"texture":"#top"},
				"east":{"uv":[0,0,3,3],"texture":"#top1"},
				"south":{"uv":[16,0,0,3],"texture":"#top"},
				"west":{"uv":[13,0,16,3],"texture":"#top1"},
				"up":{"uv":[3,0,6,16],"rotation":90,"texture":"#top1"},
				"down":{"uv":[10,16,13,0],"rotation":270,"texture":"#top1"}
			}
		},
		{
			"from":[0,-8,6.5],
			"to":[16,-5,9.5],
			"faces":{
				"north":{"uv":[0,13,16,16],"texture":"#bottom"},
				"east":{"uv":[0,13,3,16],"texture":"#bottom1"},
				"south":{"uv":[16,13,0,16],"texture":"#bottom"},
				"west":{"uv":[13,13,16,16],"texture":"#bottom1"},
				"up":{"uv":[16,13,0,14],"texture":"#bottom"},
				"down":{"uv":[3,16,6,0],"rotation":270,"texture":"#bottom1"}
			}
		},
		{
			"from":[13,-5,6.5],
			"to":[16,8,9.5],
			"faces":{
				"north":{"uv":[0,0,3,13],"texture":"#bottom"},
				"east":{"uv":[0,0,3,13],"texture":"#bottom1"},
				"south":{"uv":[3,0,0,13],"texture":"#bottom"},
				"west":{"uv":[2,0,3,13],"texture":"#bottom"}
			}
		},
		{
			"from":[0,-5,6.5],
			"to":[3,8,9.5],
			"faces":{
				"north":{"uv":[13,0,16,13],"texture":"#bottom"},
				"east":{"uv":[12,0,13,13],"texture":"#bottom1"},
				"south":{"uv":[16,0,13,13],"texture":"#bottom"},
				"west":{"uv":[13,0,16,13],"texture":"#bottom1"}
			}
		},
		{
			"from":[3,6,6.5],
			"to":[5,8,9.5],
			"faces":{
				"north":{"uv":[11,0,13,2],"texture":"#bottom"},
				"east":{"uv":[10,0,11,2],"texture":"#bottom1"},
				"south":{"uv":[13,0,11,2],"texture":"#bottom"},
				"down":{"uv":[13,1,11,2],"texture":"#bottom"}
			}
		},
		{
			"from":[11,6,6.5],
			"to":[13,8,9.5],
			"faces":{
				"north":{"uv":[3,0,5,2],"texture":"#bottom"},
				"south":{"uv":[5,0,3,2],"texture":"#bottom"},
				"west":{"uv":[4,0,5,2],"texture":"#bottom"},
				"down":{"uv":[5,1,3,2],"texture":"#bottom"}
			}
		},
		{
			"from":[3,-5,7.5],
			"to":[6,8,8.5],
			"faces":{
				"north":{"uv":[9,0,12,13],"texture":"#bottom1"},
				"south":{"uv":[12,0,9,13],"texture":"#bottom1"}
			}
		},
		{
			"from":[6,-5,7.5],
			"to":[13,8,8.5],
			"faces":{
				"north":{"uv":[3,0,10,13],"texture":"#bottom"},
				"south":{"uv":[10,0,3,13],"texture":"#bottom"}
			}
		},
		{
			"from":[2.01,2,5.5],
			"to":[2.99,7,10.5],
			"faces":{
				"north":{"uv":[13,1,14,6],"texture":"#bottom"},
				"east":{"uv":[13,1,14,6],"texture":"#bottom"},
				"south":{"uv":[13,1,14,6],"texture":"#bottom"},
				"west":{"uv":[13,1,14,6],"texture":"#bottom"},
				"up":{"uv":[13,1,14,2],"rotation":90,"texture":"#bottom"},
				"down":{"uv":[13,5,14,6],"rotation":270,"texture":"#bottom"}
			}
		},
		{
			"from":[2.99,2,5.5],
			"to":[5,4,6.5],
			"faces":{
				"north":{"uv":[11,4,13,6],"texture":"#bottom"},
				"south":{"uv":[13,4,11,6],"texture":"#bottom"},
				"up":{"uv":[11,4,13,5],"rotation":180,"texture":"#bottom"},
				"down":{"uv":[13,5,11,6],"texture":"#bottom"}
			}
		},
		{
			"from":[2.99,2,9.5],
			"to":[5,4,10.5],
			"faces":{
				"north":{"uv":[11,4,13,6],"texture":"#bottom"},
				"south":{"uv":[13,4,11,6],"texture":"#bottom"},
				"up":{"uv":[11,4,13,5],"rotation":180,"texture":"#bottom"},
				"down":{"uv":[13,5,11,6],"texture":"#bottom"}
			}
		},
		{
			"from":[5,2,5.5],
			"to":[6,7,6.5],
			"faces":{
				"north":{"uv":[10,1,11,6],"texture":"#bottom"},
				"east":{"uv":[10,1,11,6],"texture":"#bottom"},
				"south":{"uv":[10,1,11,6],"texture":"#bottom"},
				"west":{"uv":[10,1,11,6],"texture":"#bottom"},
				"up":{"uv":[10,1,11,2],"rotation":90,"texture":"#bottom"},
				"down":{"uv":[10,5,11,6],"rotation":270,"texture":"#bottom"}
			}
		},
		{
			"from":[5,2,9.5],
			"to":[6,7,10.5],
			"faces":{
				"north":{"uv":[10,1,11,6],"texture":"#bottom"},
				"east":{"uv":[10,1,11,6],"texture":"#bottom"},
				"south":{"uv":[10,1,11,6],"texture":"#bottom"},
				"west":{"uv":[10,1,11,6],"texture":"#bottom"},
				"up":{"uv":[10,1,11,2],"rotation":90,"texture":"#bottom"},
				"down":{"uv":[10,5,11,6],"rotation":270,"texture":"#bottom"}
			}
		},
		{
			"from":[10,-4,7],
			"to":[12,-2,9],
			"faces":{
				"north":{"uv":[4,10,6,12],"texture":"#bottom"},
				"east":{"uv":[4,10,5,12],"texture":"#bottom"},
				"south":{"uv":[6,10,4,12],"texture":"#bottom"},
				"west":{"uv":[5,10,6,12],"texture":"#bottom"},
				"up":{"uv":[4,10,6,11],"rotation":180,"texture":"#bottom"},
				"down":{"uv":[6,11,4,12],"texture":"#bottom"}
			}
		},
		{
			"from":[4,-4,7],
			"to":[6,-2,9],
			"faces":{
				"north":{"uv":[10,10,12,12],"texture":"#bottom"},
				"east":{"uv":[10,10,11,12],"texture":"#bottom"},
				"south":{"uv":[12,10,10,12],"texture":"#bottom"},
				"west":{"uv":[11,10,12,12],"texture":"#bottom"},
				"up":{"uv":[10,10,12,11],"rotation":180,"texture":"#bottom"},
				"down":{"uv":[12,11,10,12],"texture":"#bottom"}
			}
		},
		{
			"from":[7,5,7],
			"to":[9,7,9],
			"faces":{
				"north":{"uv":[7,1,9,3],"texture":"#bottom"},
				"east":{"uv":[7,1,8,3],"texture":"#bottom"},
				"south":{"uv":[9,1,7,3],"texture":"#bottom"},
				"west":{"uv":[8,1,9,3],"texture":"#bottom"},
				"up":{"uv":[7,1,9,2],"rotation":180,"texture":"#bottom"},
				"down":{"uv":[9,2,7,3],"texture":"#bottom"}
			}
		},
		{
			"from":[3.01,7,5.5],
			"to":[4.99,8,10.5],
			"faces":{
				"north":{"uv":[11,0,13,1],"texture":"#bottom"},
				"east":{"uv":[11,0,12,1],"texture":"#bottom"},
				"south":{"uv":[13,0,11,1],"texture":"#bottom"},
				"west":{"uv":[12,0,13,1],"texture":"#bottom"},
				"down":{"uv":[11,1,13,0],"texture":"#bottom"}
			}
		}
	],
	"groups":[
		0,
		1,
		2,
		3,
		4,
		5,
		6,
		7,
		8,
		9,
		10,
		11,
		12,
		13,
		14,
		15,
		16,
		17,
		{
			"name":"copper_door_bottom",
			"origin":[8,8,8],
			"color":0,
			"children":[18,19,20,21,22,23,24,25,26,27,28,29,30,31,32,33]
		}
	]
}