{
	"__comment":"Designed by GeForceLegend",
	"gui_light":"front",
	"textures":{
		"particle":"item/crossbow_standby",
		"layer0":"item/crossbow_standby",
		"layer1":"item/crossbow_bottom",
		"layer2":"item/crossbow_pulling_0"
	},
	"elements":[
		{
			"from":[13,0,7],
			"to":[15,4,8],
			"faces":{
				"north":{"uv":[15,12,13,16],"texture":"#layer1"},
				"east":{"uv":[14,12,15,16],"texture":"#layer1"},
				"south":{"uv":[13,12,15,16],"texture":"#layer1"},
				"west":{"uv":[13,12,14,16],"texture":"#layer1"},
				"up":{"uv":[13,12,15,13],"texture":"#layer1"},
				"down":{"uv":[13,15,15,16],"texture":"#layer1"}
			}
		},
		{
			"from":[15,1,7],
			"to":[16,3,8],
			"faces":{
				"north":{"uv":[15,13,16,15],"texture":"#layer1"},
				"east":{"uv":[15,13,16,15],"texture":"#layer1"},
				"south":{"uv":[15,13,16,15],"texture":"#layer1"},
				"up":{"uv":[15,13,16,14],"texture":"#layer1"},
				"down":{"uv":[15,14,16,15],"texture":"#layer1"}
			}
		},
		{
			"from":[13,4,7],
			"to":[14,5,8],
			"faces":{
				"north":{"uv":[13,11,14,12],"texture":"#layer1"},
				"east":{"uv":[13,11,14,12],"texture":"#layer1"},
				"south":{"uv":[13,11,14,12],"texture":"#layer1"},
				"up":{"uv":[13,11,14,12],"texture":"#layer1"}
			}
		},
		{
			"from":[11,2,7],
			"to":[12,8,8],
			"faces":{
				"north":{"uv":[11,8,12,14],"texture":"#layer1"},
				"east":{"uv":[11,8,12,14],"texture":"#layer1"},
				"south":{"uv":[11,8,12,14],"texture":"#layer1"},
				"west":{"uv":[11,8,12,14],"texture":"#layer1"},
				"up":{"uv":[11,8,12,9],"texture":"#layer1"},
				"down":{"uv":[11,13,12,14],"texture":"#layer1"}
			}
		},
		{
			"from":[12,1,7],
			"to":[13,7,8],
			"faces":{
				"north":{"uv":[12,9,13,15],"texture":"#layer1"},
				"east":{"uv":[12,9,13,15],"texture":"#layer1"},
				"south":{"uv":[12,9,13,15],"texture":"#layer1"},
				"west":{"uv":[12,9,13,15],"texture":"#layer1"},
				"up":{"uv":[12,9,13,10],"texture":"#layer1"},
				"down":{"uv":[12,14,13,15],"texture":"#layer1"}
			}
		},
		{
			"from":[9,3,7],
			"to":[11,9,8],
			"faces":{
				"north":{"uv":[11,7,9,13],"texture":"#layer1"},
				"east":{"uv":[10,7,11,13],"texture":"#layer1"},
				"south":{"uv":[9,7,11,13],"texture":"#layer1"},
				"west":{"uv":[9,7,10,13],"texture":"#layer1"},
				"up":{"uv":[9,7,11,8],"texture":"#layer1"},
				"down":{"uv":[9,12,11,13],"texture":"#layer1"}
			}
		},
		{
			"from":[7,5,7],
			"to":[8,12,8],
			"faces":{
				"north":{"uv":[7,4,8,11],"texture":"#layer1"},
				"east":{"uv":[7,4,8,11],"texture":"#layer1"},
				"south":{"uv":[7,4,8,11],"texture":"#layer1"},
				"west":{"uv":[7,4,8,11],"texture":"#layer1"},
				"up":{"uv":[7,4,8,5],"texture":"#layer1"},
				"down":{"uv":[7,10,8,11],"texture":"#layer1"}
			}
		},
		{
			"from":[8,4,7],
			"to":[9,11,8],
			"faces":{
				"north":{"uv":[8,5,9,12],"texture":"#layer1"},
				"east":{"uv":[8,5,9,12],"texture":"#layer1"},
				"south":{"uv":[8,5,9,12],"texture":"#layer1"},
				"west":{"uv":[8,5,9,12],"texture":"#layer1"},
				"up":{"uv":[8,5,9,6],"texture":"#layer1"},
				"down":{"uv":[8,11,9,12],"texture":"#layer1"}
			}
		},
		{
			"from":[4,8,7],
			"to":[5,12,8],
			"faces":{
				"north":{"uv":[4,4,5,8],"texture":"#layer1"},
				"south":{"uv":[4,4,5,8],"texture":"#layer1"},
				"west":{"uv":[4,4,5,8],"texture":"#layer1"},
				"up":{"uv":[4,4,5,5],"texture":"#layer1"},
				"down":{"uv":[4,7,5,8],"texture":"#layer1"}
			}
		},
		{
			"from":[5,7,7],
			"to":[7,13,8],
			"faces":{
				"north":{"uv":[7,3,5,9],"texture":"#layer1"},
				"east":{"uv":[6,3,7,9],"texture":"#layer1"},
				"south":{"uv":[5,3,7,9],"texture":"#layer1"},
				"west":{"uv":[5,3,6,9],"texture":"#layer1"},
				"up":{"uv":[5,3,7,4],"texture":"#layer1"},
				"down":{"uv":[5,8,7,9],"texture":"#layer1"}
			}
		},
		{
			"from":[3,9,7],
			"to":[4,11,8],
			"faces":{
				"north":{"uv":[3,5,4,7],"texture":"#layer1"},
				"west":{"uv":[3,5,4,7],"texture":"#layer1"},
				"up":{"uv":[3,5,4,6],"texture":"#layer1"},
				"down":{"uv":[3,6,4,7],"texture":"#layer1"}
			}
		},
		{
			"from":[2,11,7],
			"to":[3,13,8],
			"faces":{
				"north":{"uv":[2,3,3,5],"texture":"#layer1"},
				"east":{"uv":[2,3,3,5],"texture":"#layer1"},
				"south":{"uv":[2,3,3,5],"texture":"#layer1"},
				"west":{"uv":[2,3,3,5],"texture":"#layer1"},
				"up":{"uv":[2,3,3,4],"texture":"#layer1"},
				"down":{"uv":[2,4,3,5],"texture":"#layer1"}
			}
		},
		{
			"from":[3,13,7],
			"to":[5,14,8],
			"faces":{
				"north":{"uv":[5,2,3,3],"texture":"#layer1"},
				"east":{"uv":[4,2,5,3],"texture":"#layer1"},
				"south":{"uv":[3,2,5,3],"texture":"#layer1"},
				"west":{"uv":[3,2,4,3],"texture":"#layer1"},
				"up":{"uv":[3,2,5,3],"texture":"#layer1"},
				"down":{"uv":[3,2,5,3],"texture":"#layer1"}
			}
		},
		{
			"from":[0,3,8],
			"to":[1,4,9],
			"faces":{
				"north":{"uv":[0,12,1,13],"texture":"#layer0"},
				"south":{"uv":[0,12,1,13],"texture":"#layer0"},
				"west":{"uv":[0,12,1,13],"texture":"#layer0"},
				"up":{"uv":[0,12,1,13],"texture":"#layer0"},
				"down":{"uv":[0,12,1,13],"texture":"#layer0"}
			}
		},
		{
			"from":[1,2,8],
			"to":[3,8,9],
			"faces":{
				"north":{"uv":[3,8,1,14],"texture":"#layer0"},
				"east":{"uv":[2,8,3,14],"texture":"#layer0"},
				"south":{"uv":[1,8,3,14],"texture":"#layer0"},
				"west":{"uv":[1,8,2,14],"texture":"#layer0"},
				"up":{"uv":[1,8,3,9],"texture":"#layer0"},
				"down":{"uv":[1,13,3,14],"texture":"#layer0"}
			}
		},
		{
			"from":[2,8,8],
			"to":[3,10,9],
			"faces":{
				"north":{"uv":[2,6,3,8],"texture":"#layer0"},
				"south":{"uv":[2,6,3,8],"texture":"#layer0"},
				"west":{"uv":[2,6,3,8],"texture":"#layer0"},
				"up":{"uv":[2,6,3,7],"texture":"#layer0"}
			}
		},
		{
			"from":[3,6,8],
			"to":[4,11,9],
			"faces":{
				"north":{"uv":[3,5,4,10],"texture":"#layer0"},
				"east":{"uv":[3,5,4,10],"texture":"#layer0"},
				"south":{"uv":[3,5,4,10],"texture":"#layer0"},
				"west":{"uv":[3,5,4,10],"texture":"#layer0"},
				"up":{"uv":[3,5,4,6],"texture":"#layer0"},
				"down":{"uv":[3,9,4,10],"texture":"#layer0"}
			}
		},
		{
			"from":[4,9,8],
			"to":[5,10,9],
			"faces":{
				"east":{"uv":[4,6,5,7],"texture":"#layer0"},
				"south":{"uv":[4,6,5,7],"texture":"#layer0"},
				"down":{"uv":[4,6,5,7],"texture":"#layer0"}
			}
		},
		{
			"from":[4,10,8],
			"to":[6,12,9],
			"faces":{
				"east":{"uv":[5,4,6,6],"texture":"#layer0"},
				"south":{"uv":[4,4,6,6],"texture":"#layer0"},
				"west":{"uv":[4,4,5,6],"texture":"#layer0"},
				"up":{"uv":[4,4,6,5],"texture":"#layer0"},
				"down":{"uv":[4,5,6,6],"texture":"#layer0"}
			}
		},
		{
			"from":[6,11,8],
			"to":[7,12,9],
			"faces":{
				"east":{"uv":[6,4,7,5],"texture":"#layer0"},
				"south":{"uv":[6,4,7,5],"texture":"#layer0"},
				"down":{"uv":[6,4,7,5],"texture":"#layer0"}
			}
		},
		{
			"from":[6,13,8],
			"to":[8,14,9],
			"faces":{
				"north":{"uv":[8,2,6,3],"texture":"#layer0"},
				"south":{"uv":[6,2,8,3],"texture":"#layer0"},
				"west":{"uv":[6,2,7,3],"texture":"#layer0"},
				"up":{"uv":[6,2,8,3],"texture":"#layer0"}
			}
		},
		{
			"from":[5,12,8],
			"to":[10,13,9],
			"faces":{
				"north":{"uv":[10,3,5,4],"texture":"#layer0"},
				"east":{"uv":[9,3,10,4],"texture":"#layer0"},
				"south":{"uv":[5,3,10,4],"texture":"#layer0"},
				"west":{"uv":[5,3,6,4],"texture":"#layer0"},
				"up":{"uv":[5,3,10,4],"texture":"#layer0"},
				"down":{"uv":[5,3,10,4],"texture":"#layer0"}
			}
		},
		{
			"from":[8,13,8],
			"to":[14,15,9],
			"faces":{
				"north":{"uv":[14,1,8,3],"texture":"#layer0"},
				"east":{"uv":[13,1,14,3],"texture":"#layer0"},
				"south":{"uv":[8,1,14,3],"texture":"#layer0"},
				"west":{"uv":[8,1,9,3],"texture":"#layer0"},
				"up":{"uv":[8,1,14,2],"texture":"#layer0"},
				"down":{"uv":[8,2,14,3],"texture":"#layer0"}
			}
		},
		{
			"from":[12,15,8],
			"to":[13,16,9],
			"faces":{
				"north":{"uv":[12,0,13,1],"texture":"#layer0"},
				"east":{"uv":[12,0,13,1],"texture":"#layer0"},
				"south":{"uv":[12,0,13,1],"texture":"#layer0"},
				"west":{"uv":[12,0,13,1],"texture":"#layer0"},
				"up":{"uv":[12,0,13,1],"texture":"#layer0"}
			}
		},
		{
			"from":[12,12,8],
			"to":[13,13,9],
			"faces":{
				"north":{"uv":[12,3,13,4],"texture":"#layer0"},
				"east":{"uv":[12,3,13,4],"texture":"#layer0"},
				"south":{"uv":[12,3,13,4],"texture":"#layer0"},
				"west":{"uv":[12,3,13,4],"texture":"#layer0"},
				"down":{"uv":[12,3,13,4],"texture":"#layer0"}
			}
		},
		{
			"from":[11,11,8],
			"to":[12,12,9],
			"faces":{
				"north":{"uv":[11,4,12,5],"texture":"#layer0"},
				"east":{"uv":[11,4,12,5],"texture":"#layer0"},
				"south":{"uv":[11,4,12,5],"texture":"#layer0"},
				"west":{"uv":[11,4,12,5],"texture":"#layer0"},
				"up":{"uv":[11,4,12,5],"texture":"#layer0"},
				"down":{"uv":[11,4,12,5],"texture":"#layer0"}
			}
		},
		{
			"from":[10,10,8],
			"to":[11,11,9],
			"faces":{
				"north":{"uv":[10,5,11,6],"texture":"#layer0"},
				"east":{"uv":[10,5,11,6],"texture":"#layer0"},
				"south":{"uv":[10,5,11,6],"texture":"#layer0"},
				"west":{"uv":[10,5,11,6],"texture":"#layer0"},
				"up":{"uv":[10,5,11,6],"texture":"#layer0"},
				"down":{"uv":[10,5,11,6],"texture":"#layer0"}
			}
		},
		{
			"from":[9,9,7],
			"to":[10,10,9],
			"faces":{
				"north":{"uv":[9,6,10,7],"texture":"#layer1"},
				"east":{"uv":[9,7,11,8],"texture":"#layer2"},
				"south":{"uv":[9,6,10,7],"texture":"#layer0"},
				"west":{"uv":[9,6,10,7],"texture":"#layer0"},
				"up":{"uv":[11,7,9,8],"rotation":90,"texture":"#layer2"},
				"down":{"uv":[9,6,10,7],"texture":"#layer0"}
			}
		},
		{
			"from":[8,8,8],
			"to":[9,9,9],
			"faces":{
				"east":{"uv":[8,7,9,8],"texture":"#layer0"},
				"south":{"uv":[8,7,9,8],"texture":"#layer0"},
				"west":{"uv":[8,7,9,8],"texture":"#layer0"},
				"up":{"uv":[8,7,9,8],"texture":"#layer0"},
				"down":{"uv":[8,7,9,8],"texture":"#layer0"}
			}
		},
		{
			"from":[7,7,8],
			"to":[8,8,9],
			"faces":{
				"east":{"uv":[7,8,8,9],"texture":"#layer0"},
				"south":{"uv":[7,8,8,9],"texture":"#layer0"},
				"west":{"uv":[7,8,8,9],"texture":"#layer0"},
				"up":{"uv":[7,8,8,9],"texture":"#layer0"},
				"down":{"uv":[7,8,8,9],"texture":"#layer0"}
			}
		},
		{
			"from":[6,6,7],
			"to":[7,7,9],
			"faces":{
				"north":{"uv":[6,9,7,10],"texture":"#layer1"},
				"east":{"uv":[6,9,7,10],"texture":"#layer0"},
				"south":{"uv":[6,9,7,10],"texture":"#layer0"},
				"west":{"uv":[11,7,9,8],"texture":"#layer2"},
				"up":{"uv":[6,9,7,10],"texture":"#layer0"},
				"down":{"uv":[9,7,11,8],"rotation":90,"texture":"#layer2"}
			}
		},
		{
			"from":[5,5,8],
			"to":[6,6,9],
			"faces":{
				"north":{"uv":[5,10,6,11],"texture":"#layer0"},
				"east":{"uv":[5,10,6,11],"texture":"#layer0"},
				"south":{"uv":[5,10,6,11],"texture":"#layer0"},
				"west":{"uv":[5,10,6,11],"texture":"#layer0"},
				"up":{"uv":[5,10,6,11],"texture":"#layer0"},
				"down":{"uv":[5,10,6,11],"texture":"#layer0"}
			}
		},
		{
			"from":[4,4,8],
			"to":[5,5,9],
			"faces":{
				"north":{"uv":[4,11,5,12],"texture":"#layer0"},
				"east":{"uv":[4,11,5,12],"texture":"#layer0"},
				"south":{"uv":[4,11,5,12],"texture":"#layer0"},
				"west":{"uv":[4,11,5,12],"texture":"#layer0"},
				"up":{"uv":[4,11,5,12],"texture":"#layer0"},
				"down":{"uv":[4,11,5,12],"texture":"#layer0"}
			}
		},
		{
			"from":[3,3,8],
			"to":[4,4,9],
			"faces":{
				"north":{"uv":[3,12,4,13],"texture":"#layer0"},
				"east":{"uv":[3,12,4,13],"texture":"#layer0"},
				"south":{"uv":[3,12,4,13],"texture":"#layer0"},
				"up":{"uv":[3,12,4,13],"texture":"#layer0"},
				"down":{"uv":[3,12,4,13],"texture":"#layer0"}
			}
		}
	],
	"overrides":[
		{
			"predicate":{
				"pulling":1
			},
			"model":"item/crossbow_pulling_0"
		},
		{
			"predicate":{
				"pulling":1,
				"pull":0.15
			},
			"model":"item/crossbow_pulling_1"
		},
		{
			"predicate":{
				"pulling":1,
				"pull":0.3
			},
			"model":"item/crossbow_pulling_2"
		},
		{
			"predicate":{
				"pulling":1,
				"pull":0.45
			},
			"model":"item/crossbow_pulling_3"
		},
		{
			"predicate":{
				"pulling":1,
				"pull":0.6
			},
			"model":"item/crossbow_pulling_4"
		},
		{
			"predicate":{
				"pulling":1,
				"pull":0.75
			},
			"model":"item/crossbow_pulling_5"
		},
		{
			"predicate":{
				"pulling":1,
				"pull":0.9
			},
			"model":"item/crossbow_pulling_6"
		},
		{
			"predicate":{
				"pulling":1,
				"pull":1
			},
			"model":"item/crossbow_pulling_7"
		},
		{
			"predicate":{
				"charged":1
			},
			"model":"item/crossbow_arrow"
		},
		{
			"predicate":{
				"charged":1,
				"firework":1
			},
			"model":"item/crossbow_firework"
		}
	],
	"display":{
		"thirdperson_righthand":{
			"rotation":[-90,0,-60],
			"translation":[2,1,-3],
			"scale":[0.9,0.9,0.9]
		},
		"thirdperson_lefthand":{
			"rotation":[-90,0,30],
			"translation":[2,1,-3],
			"scale":[0.9,0.9,0.9]
		},
		"firstperson_righthand":{
			"rotation":[-90,0,-55],
			"translation":[1.13,3.2,1.13],
			"scale":[0.68,0.68,0.68]
		},
		"firstperson_lefthand":{
			"rotation":[-90,0,35],
			"translation":[1.13,3.2,1.13],
			"scale":[0.68,0.68,0.68]
		},
		"ground":{
			"translation":[0,2,0],
			"scale":[0.5,0.5,0.5]
		},
		"fixed":{
			"rotation":[0,180,0],
			"translation":[0,0,0.1]
		}
	}
}