{
	"credit": "Made with Blockbench",
	"texture_size": [32, 32],
	"textures": {
		"2": "item/crossbow_pull_2",
		"3": "item/crossbow_arrow_hand",
		"particle": "item/crossbow_pull_2"
	},
	"elements": [
		{
			"from": [6.5, 1, 1],
			"to": [9.5, 3, 13],
			"rotation": {"angle": 0, "axis": "y", "origin": [6.5, 0, 3]},
			"faces": {
				"north": {"uv": [12, 12, 13.5, 13], "texture": "#2"},
				"east": {"uv": [0, 12, 6, 13], "texture": "#2"},
				"south": {"uv": [0, 13, 1.5, 14], "texture": "#2"},
				"west": {"uv": [6, 12, 12, 13], "texture": "#2"},
				"up": {"uv": [13, 6, 11.5, 0], "texture": "#2"},
				"down": {"uv": [13, 6, 11.5, 12], "texture": "#2"}
			}
		},
		{
			"from": [-3.5, 3.001, -1],
			"to": [19.5, 3.002, 11],
			"rotation": {"angle": 0, "axis": "y", "origin": [2.5, 1.001, 2]},
			"faces": {
				"north": {"uv": [0, 0, 11.5, 0], "texture": "#2"},
				"east": {"uv": [0, 0, 6, 0], "texture": "#2"},
				"south": {"uv": [0, 0, 11.5, 0], "texture": "#2"},
				"west": {"uv": [0, 0, 6, 0], "texture": "#2"},
				"up": {"uv": [11.5, 6, 0, 0], "texture": "#2"},
				"down": {"uv": [11.5, 0, 0, 6], "texture": "#2"}
			}
		},
		{
			"from": [8, 0.2, 5],
			"to": [8, 1.2, 8],
			"rotation": {"angle": 0, "axis": "y", "origin": [6, 0.2, 5]},
			"faces": {
				"north": {"uv": [0, 0, 0, 0.5], "texture": "#2"},
				"east": {"uv": [13, 0, 14.5, 0.5], "texture": "#2"},
				"south": {"uv": [0, 0, 0, 0.5], "texture": "#2"},
				"west": {"uv": [13, 0.5, 14.5, 1], "texture": "#2"},
				"up": {"uv": [0, 1.5, 0, 0], "texture": "#2"},
				"down": {"uv": [0, 0, 0, 1.5], "texture": "#2"}
			}
		},
		{
			"name": "arrow 1",
			"from": [5.5005, 3.4995, -4],
			"to": [10.5005, 3.5005, 9],
			"rotation": {"angle": 0, "axis": "z", "origin": [8.00025, 3.50025, 1]},
			"faces": {
				"north": {"uv": [3.5, 5, 8.5, 5], "rotation": 180, "texture": "#3"},
				"east": {"uv": [5, 5, 7, 5], "rotation": 180, "texture": "#3"},
				"south": {"uv": [3.5, 5, 8.5, 5], "rotation": 180, "texture": "#3"},
				"west": {"uv": [5, 5, 7, 5], "rotation": 180, "texture": "#3"},
				"up": {"uv": [0, 0, 7, 2.5], "rotation": 270, "texture": "#3"},
				"down": {"uv": [0, 0, 7, 2.5], "rotation": 90, "texture": "#3"}
			}
		},
		{
			"name": "arrow 2",
			"from": [7.9995, 1.0005, -4],
			"to": [8.0005, 6.0005, 9],
			"rotation": {"angle": 0, "axis": "z", "origin": [8.00025, 3.50025, 1]},
			"faces": {
				"north": {"uv": [3.5, 5.5, 8.5, 5.5], "rotation": 270, "texture": "#3"},
				"east": {"uv": [0, 0, 7, 2.5], "texture": "#3"},
				"south": {"uv": [3.5, 5.5, 8.5, 5.5], "rotation": 90, "texture": "#3"},
				"west": {"uv": [0, 0, 7, 2.5], "rotation": 180, "texture": "#3"},
				"up": {"uv": [3.5, 5.5, 5.5, 5.5], "rotation": 90, "texture": "#3"},
				"down": {"uv": [3.5, 5.5, 5.5, 5.5], "rotation": 90, "texture": "#3"}
			}
		}
	],
	"display": {
		"thirdperson_righthand": {
			"translation": [0, 4.75, 0.25],
			"scale": [0.81, 0.81, 0.81]
		},
		"thirdperson_lefthand": {
			"translation": [0, 4.75, 0.25],
			"scale": [0.81, 0.81, 0.81]
		},
		"firstperson_righthand": {
			"rotation": [0, -10, 0],
			"translation": [1, 8.25, 2.25],
			"scale": [1, 1, 0.93]
		},
		"firstperson_lefthand": {
			"rotation": [0, -10, 0],
			"translation": [1, 8.25, 2.25],
			"scale": [1, 1, 0.93]
		},
		"gui": {
			"rotation": [61, 55, -61],
			"translation": [-1, -3.25, -2.5],
			"scale": [0.75, 0.75, 0.75]
		}
	}
}