{
	"credit": "Made with Blockbench",
	"textures": {
		"0": "item/diamond_axe_hand",
		"particle": "item/diamond_axe_hand"
	},
	"elements": [
		{
			"name": "handle",
			"from": [7.5, 0, 7.5],
			"to": [8.5, 11, 8.5],
			"rotation": {"angle": 0, "axis": "y", "origin": [8, 10.25, 7.5]},
			"faces": {
				"north": {"uv": [5, 0, 6, 11], "texture": "#0"},
				"east": {"uv": [6, 0, 7, 11], "texture": "#0"},
				"south": {"uv": [7, 0, 8, 11], "texture": "#0"},
				"west": {"uv": [8, 0, 9, 11], "texture": "#0"},
				"up": {"uv": [3, 11, 2, 10], "texture": "#0"},
				"down": {"uv": [4, 10, 3, 11], "texture": "#0"}
			}
		},
		{
			"name": "axe base",
			"from": [7.5, 11, 5.5],
			"to": [8.5, 14, 8.5],
			"rotation": {"angle": 0, "axis": "y", "origin": [8, 10.25, 7.5]},
			"faces": {
				"north": {"uv": [9, 6, 10, 9], "texture": "#0"},
				"east": {"uv": [9, 0, 12, 3], "texture": "#0"},
				"south": {"uv": [9, 9, 10, 12], "texture": "#0"},
				"west": {"uv": [12, 0, 9, 3], "texture": "#0"},
				"up": {"uv": [1, 13, 0, 10], "texture": "#0"},
				"down": {"uv": [2, 10, 1, 13], "texture": "#0"}
			}
		},
		{
			"name": "axe flat",
			"from": [8, 10, 4.5],
			"to": [8.001, 15, 9.5],
			"rotation": {"angle": 0, "axis": "y", "origin": [8, 10.25, 7.5]},
			"faces": {
				"north": {"uv": [13, 1, 13, 6], "texture": "#0"},
				"east": {"uv": [0, 0, 5, 5], "texture": "#0"},
				"south": {"uv": [14, 0, 14, 5], "texture": "#0"},
				"west": {"uv": [5, 0, 0, 5], "texture": "#0"},
				"up": {"uv": [14, 6, 14, 1], "texture": "#0"},
				"down": {"uv": [13, 0, 13, 5], "texture": "#0"}
			}
		},
		{
			"name": "handle top",
			"from": [7.5, 14, 7.5],
			"to": [8.5, 15, 8.5],
			"rotation": {"angle": 0, "axis": "y", "origin": [6.5, 13, 7.5]},
			"faces": {
				"north": {"uv": [4, 10, 5, 11], "texture": "#0"},
				"east": {"uv": [10, 6, 11, 7], "texture": "#0"},
				"south": {"uv": [10, 7, 11, 8], "texture": "#0"},
				"west": {"uv": [10, 8, 11, 9], "texture": "#0"},
				"up": {"uv": [11, 10, 10, 9], "texture": "#0"},
				"down": {"uv": [11, 10, 10, 11], "texture": "#0"}
			}
		}
	],
	"display": {
		"thirdperson_righthand": {
			"translation": [0, 2, 1],
			"scale": [1.03, 1, 1.03]
		},
		"thirdperson_lefthand": {
			"translation": [0, 2, 1],
			"scale": [1.03, 1, 1.03]
		},
		"firstperson_righthand": {
			"rotation": [13.86, -3.87, -1.26],
			"translation": [0, 2.5, 1.75],
			"scale": [0.79, 0.79, 0.79]
		},
		"firstperson_lefthand": {
			"rotation": [13.86, -3.87, -1.26],
			"translation": [0, 2.5, 1.75],
			"scale": [0.79, 0.79, 0.79]
		}
	}
}