{
	"credit": "Made with Blockbench",
	"texture_size": [32, 32],
	"textures": {
		"1": "item/firework_rocket_hand"
	},
	"elements": [
		{
			"name": "Body",
			"from": [7, 5, 5],
			"to": [10, 15, 8],
			"rotation": {"angle": 0, "axis": "y", "origin": [7.5, 11.75, 6.25]},
			"faces": {
				"north": {"uv": [0, 0, 1.5, 5], "texture": "#1"},
				"east": {"uv": [1.5, 0, 3, 5], "texture": "#1"},
				"south": {"uv": [3, 0, 4.5, 5], "texture": "#1"},
				"west": {"uv": [4.5, 0, 6, 5], "texture": "#1"},
				"up": {"uv": [6.5, 8.5, 5, 7], "texture": "#1"},
				"down": {"uv": [8, 7, 6.5, 8.5], "texture": "#1"}
			}
		},
		{
			"name": "Head 1",
			"from": [6, 15, 4],
			"to": [11, 17, 9],
			"rotation": {"angle": 0, "axis": "y", "origin": [7.5, 11.75, 6.25]},
			"faces": {
				"north": {"uv": [6, 0, 8.5, 1], "texture": "#1"},
				"east": {"uv": [6, 0, 8.5, 1], "texture": "#1"},
				"south": {"uv": [6, 0, 8.5, 1], "texture": "#1"},
				"west": {"uv": [6, 0, 8.5, 1], "texture": "#1"},
				"up": {"uv": [2.5, 7.5, 0, 5], "texture": "#1"},
				"down": {"uv": [5, 5, 2.5, 7.5], "texture": "#1"}
			}
		},
		{
			"from": [6, 17, 6.5],
			"to": [11, 21, 6.5],
			"rotation": {"angle": -45, "axis": "y", "origin": [8.5, 19.5, 6.5]},
			"faces": {
				"north": {"uv": [5, 5, 7.5, 7], "texture": "#1"},
				"east": {"uv": [0, 0, 0, 2], "texture": "#1"},
				"south": {"uv": [5, 5, 7.5, 7], "texture": "#1"},
				"west": {"uv": [0, 0, 0, 2], "texture": "#1"},
				"up": {"uv": [2.5, 0, 0, 0], "texture": "#1"},
				"down": {"uv": [2.5, 0, 0, 0], "texture": "#1"}
			}
		},
		{
			"from": [8.5, 17, 4],
			"to": [8.5, 21, 9],
			"rotation": {"angle": -45, "axis": "y", "origin": [8.5, 19.5, 6.5]},
			"faces": {
				"north": {"uv": [0, 0, 0, 2], "texture": "#1"},
				"east": {"uv": [5, 5, 7.5, 7], "texture": "#1"},
				"south": {"uv": [0, 0, 0, 2], "texture": "#1"},
				"west": {"uv": [5, 5, 7.5, 7], "texture": "#1"},
				"up": {"uv": [0, 2, 0, 0], "texture": "#1"},
				"down": {"uv": [0, 0, 0, 2], "texture": "#1"}
			}
		},
		{
			"from": [8, 0, 6],
			"to": [9, 5, 7],
			"rotation": {"angle": 0, "axis": "y", "origin": [7, 0, 5]},
			"faces": {
				"north": {"uv": [0, 7.5, 0.5, 10], "texture": "#1"},
				"east": {"uv": [0, 7.5, 0.5, 10], "texture": "#1"},
				"south": {"uv": [0, 7.5, 0.5, 10], "texture": "#1"},
				"west": {"uv": [0, 7.5, 0.5, 10], "texture": "#1"},
				"up": {"uv": [0.5, 8, 0, 7.5], "texture": "#1"},
				"down": {"uv": [0.5, 7.5, 0, 8], "texture": "#1"}
			}
		}
	],
	"display": {
		"thirdperson_righthand": {
			"rotation": [0, -90, 0],
			"translation": [-1.4, -1.5, 1],
			"scale": [0.56, 0.56, 0.56]
		},
		"thirdperson_lefthand": {
			"rotation": [0, -90, 0],
			"translation": [-1.4, -1.5, 1],
			"scale": [0.56, 0.56, 0.56]
		},
		"firstperson_righthand": {
			"rotation": [-8, -54, -2],
			"translation": [2.85, -1.25, 0],
			"scale": [0.62, 0.66, 0.62]
		},
		"firstperson_lefthand": {
			"rotation": [-8, -54, -2],
			"translation": [3.85, -0.75, 0],
			"scale": [0.62, 0.66, 0.62]
		}
	}
}