{
  "display": {
    "firstperson_righthand": {
      "rotation": [
        0,
        45,
        0
      ],
      "translation": [
        0.5,
        0,
        0
      ],
      "scale": [
        0.85,
        0.85,
        0.85
      ]
    },
    "firstperson_lefthand": {
      "rotation": [
        0,
        225,
        0
      ],
      "translation": [
        0,
        3,
        0
      ],
      "scale": [
        0.6,
        0.6,
        0.6
      ]
    },
    "gui": {
      "rotation": [
        30,
        45,
        0
      ],
      "scale": [
        1,
        1,
        1
      ],
      "translation": [
        0,
        2,
        0
      ]
    },
    "fixed": {
      "rotation": [
        0,
        0,
        0
      ],
      "scale": [
        1.2,
        1.2,
        1.2
      ],
      "translation": [
        0,
        5,
        0
      ]
    },
    "thirdperson_righthand": {
      "rotation": [
        75,
        45,
        0
      ],
      "translation": [
        0,
        1.5,
        0
      ],
      "scale": [
        0.5,
        0.5,
        0.5
      ]
    },
    "ground": {
      "rotation": [
        0,
        0,
        0
      ],
      "translation": [
        0,
        1.5,
        0
      ],
      "scale": [
        0.4,
        0.4,
        0.4
      ]
    },
    "head": {
      "translation": [
        0,
        14.25,
        0
      ]
    }
  },
  "variable_placeholders": "",
  "name": "spyglass_in_hand",
  "visible_box": [
    1,
    1,
    0
  ],
  "meta": {
    "format_version": "4.5",
    "model_format": "java_block",
    "box_uv": false
  },
  "unhandled_root_fields": {},
  "parent": "block/flower_pot",
  "__comment": "Designed by GeForceLegend",
  "resolution": {
    "width": 16,
    "height": 16
  },
  "variable_placeholder_buttons": [],
  "outliner": [
    "0d6fa512-002c-7acc-94e8-f1d93f9a2b9a",
    "4ceb7068-1075-ccfb-0a8b-5d5173f4edd5"
  ],
  "front_gui_light": true,
  "elements": [
    {
      "from": [
        5,
        5,
        5
      ],
      "to": [
        6,
        11,
        11
      ],
      "faces": {
        "north": {
          "uv": [
            10,
            10,
            11,
            16
          ],
          "texture": "#2"
        },
        "east": {
          "uv": [
            5,
            10,
            11,
            16
          ],
          "texture": "#2"
        },
        "south": {
          "uv": [
            5,
            10,
            6,
            16
          ],
          "texture": "#2"
        },
        "west": {
          "uv": [
            5,
            10,
            11,
            16
          ],
          "texture": "#2"
        },
        "up": {
          "uv": [
            5,
            5,
            6,
            11
          ],
          "texture": "#2"
        },
        "down": {
          "uv": [
            5,
            5,
            6,
            11
          ],
          "texture": "#2",
          "cullface": "down"
        }
      }
    },
    {
      "from": [
        10,
        5,
        5
      ],
      "to": [
        11,
        11,
        11
      ],
      "faces": {
        "north": {
          "uv": [
            5,
            10,
            6,
            16
          ],
          "texture": "#2"
        },
        "east": {
          "uv": [
            5,
            10,
            11,
            16
          ],
          "texture": "#2"
        },
        "south": {
          "uv": [
            10,
            10,
            11,
            16
          ],
          "texture": "#2"
        },
        "west": {
          "uv": [
            5,
            10,
            11,
            16
          ],
          "texture": "#2"
        },
        "up": {
          "uv": [
            10,
            5,
            11,
            11
          ],
          "texture": "#2"
        },
        "down": {
          "uv": [
            10,
            5,
            11,
            11
          ],
          "texture": "#2",
          "cullface": "down"
        }
      }
    },
    {
      "from": [
        6,
        5,
        5
      ],
      "to": [
        10,
        11,
        6
      ],
      "faces": {
        "north": {
          "uv": [
            6,
            10,
            10,
            16
          ],
          "texture": "#2"
        },
        "south": {
          "uv": [
            6,
            10,
            10,
            16
          ],
          "texture": "#2"
        },
        "up": {
          "uv": [
            6,
            5,
            10,
            6
          ],
          "texture": "#2"
        },
        "down": {
          "uv": [
            6,
            10,
            10,
            11
          ],
          "texture": "#2",
          "cullface": "down"
        }
      }
    },
    {
      "from": [
        6,
        5,
        10
      ],
      "to": [
        10,
        11,
        11
      ],
      "faces": {
        "north": {
          "uv": [
            6,
            10,
            10,
            16
          ],
          "texture": "#2"
        },
        "south": {
          "uv": [
            6,
            10,
            10,
            16
          ],
          "texture": "#2"
        },
        "up": {
          "uv": [
            6,
            10,
            10,
            11
          ],
          "texture": "#2"
        },
        "down": {
          "uv": [
            6,
            5,
            10,
            6
          ],
          "texture": "#2",
          "cullface": "down"
        }
      }
    },
    {
      "from": [
        6,
        5,
        6
      ],
      "to": [
        10,
        9,
        10
      ],
      "faces": {
        "up": {
          "uv": [
            6,
            6,
            10,
            10
          ],
          "texture": "#1"
        },
        "down": {
          "uv": [
            6,
            12,
            10,
            16
          ],
          "texture": "#2",
          "cullface": "down"
        }
      }
    }
  ],
  "textures": {
    "1": "block/dirt",
    "2": "block/flower_pot",
    "particle": "block/flower_pot"
  },
  "credit": "Made with Blockbench"
}