{
	"__comment":"Designed by GeForceLegend",
	"parent":"item/display_generated",
	"textures":{
		"particle":"block/frogspawn",
		"texture":"block/frogspawn"
	},
	"elements":[
		{
			"from":[0,10,7.5],
			"to":[3,13,8.5],
			"faces":{
				"north":{"uv":[0,6,3,3],"rotation":180,"texture":"#texture"},
				"east":{"uv":[2,3,3,6],"texture":"#texture"},
				"south":{"uv":[0,3,3,6],"texture":"#texture"},
				"west":{"uv":[0,6,1,3],"rotation":180,"texture":"#texture"},
				"up":{"uv":[3,3,0,4],"rotation":180,"texture":"#texture"},
				"down":{"uv":[0,5,3,6],"texture":"#texture"}
			}
		},
		{
			"from":[5,13,7.5],
			"to":[8,16,8.5],
			"faces":{
				"north":{"uv":[5,3,8,0],"rotation":180,"texture":"#texture"},
				"east":{"uv":[7,0,8,3],"texture":"#texture"},
				"south":{"uv":[5,0,8,3],"texture":"#texture"},
				"west":{"uv":[5,3,6,0],"rotation":180,"texture":"#texture"},
				"up":{"uv":[8,0,5,1],"rotation":180,"texture":"#texture"},
				"down":{"uv":[5,2,8,3],"texture":"#texture"}
			}
		},
		{
			"from":[11,11,7.5],
			"to":[14,14,8.5],
			"faces":{
				"north":{"uv":[11,5,14,2],"rotation":180,"texture":"#texture"},
				"east":{"uv":[13,2,14,5],"texture":"#texture"},
				"south":{"uv":[11,2,14,5],"texture":"#texture"},
				"west":{"uv":[11,5,12,2],"rotation":180,"texture":"#texture"},
				"up":{"uv":[14,2,11,3],"rotation":180,"texture":"#texture"},
				"down":{"uv":[11,4,14,5],"texture":"#texture"}
			}
		},
		{
			"from":[9,7,7.5],
			"to":[12,10,8.5],
			"faces":{
				"north":{"uv":[9,9,12,6],"rotation":180,"texture":"#texture"},
				"east":{"uv":[11,6,12,9],"texture":"#texture"},
				"south":{"uv":[9,6,12,9],"texture":"#texture"},
				"west":{"uv":[9,9,10,6],"rotation":180,"texture":"#texture"},
				"up":{"uv":[12,6,9,7],"rotation":180,"texture":"#texture"},
				"down":{"uv":[9,8,12,9],"texture":"#texture"}
			}
		},
		{
			"from":[3,6,7.5],
			"to":[6,9,8.5],
			"faces":{
				"north":{"uv":[3,10,6,7],"rotation":180,"texture":"#texture"},
				"east":{"uv":[5,7,6,10],"texture":"#texture"},
				"south":{"uv":[3,7,6,10],"texture":"#texture"},
				"west":{"uv":[3,10,4,7],"rotation":180,"texture":"#texture"},
				"up":{"uv":[6,7,3,8],"rotation":180,"texture":"#texture"},
				"down":{"uv":[3,9,6,10],"texture":"#texture"}
			}
		},
		{
			"from":[1,1,7.5],
			"to":[4,4,8.5],
			"faces":{
				"north":{"uv":[1,15,4,12],"rotation":180,"texture":"#texture"},
				"east":{"uv":[3,12,4,15],"texture":"#texture"},
				"south":{"uv":[1,12,4,15],"texture":"#texture"},
				"west":{"uv":[1,15,2,12],"rotation":180,"texture":"#texture"},
				"up":{"uv":[4,12,1,13],"rotation":180,"texture":"#texture"},
				"down":{"uv":[1,14,4,15],"texture":"#texture"}
			}
		},
		{
			"from":[6,2,7.5],
			"to":[9,5,8.5],
			"faces":{
				"north":{"uv":[6,14,9,11],"rotation":180,"texture":"#texture"},
				"east":{"uv":[8,11,9,14],"texture":"#texture"},
				"south":{"uv":[6,11,9,14],"texture":"#texture"},
				"west":{"uv":[6,14,7,11],"rotation":180,"texture":"#texture"},
				"up":{"uv":[9,11,6,12],"rotation":180,"texture":"#texture"},
				"down":{"uv":[6,13,9,14],"texture":"#texture"}
			}
		},
		{
			"from":[13,4,7.5],
			"to":[16,7,8.5],
			"faces":{
				"north":{"uv":[13,12,16,9],"rotation":180,"texture":"#texture"},
				"east":{"uv":[15,9,16,12],"texture":"#texture"},
				"south":{"uv":[13,9,16,12],"texture":"#texture"},
				"west":{"uv":[13,12,14,9],"rotation":180,"texture":"#texture"},
				"up":{"uv":[16,9,13,10],"rotation":180,"texture":"#texture"},
				"down":{"uv":[13,11,16,12],"texture":"#texture"}
			}
		},
		{
			"from":[10,0,7.5],
			"to":[13,3,8.5],
			"faces":{
				"north":{"uv":[10,16,13,13],"rotation":180,"texture":"#texture"},
				"east":{"uv":[12,13,13,16],"texture":"#texture"},
				"south":{"uv":[10,13,13,16],"texture":"#texture"},
				"west":{"uv":[10,16,11,13],"rotation":180,"texture":"#texture"},
				"up":{"uv":[13,13,10,14],"rotation":180,"texture":"#texture"},
				"down":{"uv":[10,15,13,16],"texture":"#texture"}
			}
		}
	],
	"display":{
		"ground":{
			"rotation":[0,0,0],
			"translation":[0,2,0],
			"scale":[0.5,0.5,0.5]
		},
		"head":{
			"rotation":[0,180,0],
			"translation":[0,13,7],
			"scale":[1,1,1]
		},
		"thirdperson_righthand":{
			"rotation":[0,0,0],
			"translation":[0,3,1],
			"scale":[0.55,0.55,0.55]
		},
		"firstperson_righthand":{
			"rotation":[0,-90,25],
			"translation":[1.13,3.2,1.13],
			"scale":[0.68,0.68,0.68]
		},
		"fixed":{
			"rotation":[0,180,0],
			"translation":[0,0,0.0],
			"scale":[1,1,1]
		}
	}
}