{
	"__comment":"Designed by GeForceLegend",
	"textures":{
		"bottle":"item/potion",
		"particle":"item/potion"
	},
	"elements":[
		{
			"from":[4,1,4],
			"to":[12,9,12],
			"faces":{
				"north":{"uv":[0,0,10,10],"texture":"#bottle"},
				"east":{"uv":[0,0,10,10],"texture":"#bottle"},
				"south":{"uv":[0,0,10,10],"texture":"#bottle"},
				"west":{"uv":[0,0,10,10],"texture":"#bottle"},
				"up":{"uv":[0,0,10,10],"texture":"#bottle"},
				"down":{"uv":[0,0,10,10],"texture":"#bottle"}
			}
		},
		{
			"from":[4.01,8.99,4.01],
			"to":[11.99,1.01,11.99],
			"faces":{
				"north":{"uv":[0,10,10,0],"texture":"#bottle"},
				"east":{"uv":[0,10,10,0],"texture":"#bottle"},
				"south":{"uv":[0,10,10,0],"texture":"#bottle"},
				"west":{"uv":[0,10,10,0],"texture":"#bottle"},
				"up":{"uv":[0,0,10,10],"texture":"#bottle"},
				"down":{"uv":[0,0,10,10],"texture":"#bottle"}
			}
		},
		{
			"from":[6,9,6],
			"to":[10,11,10],
			"faces":{
				"north":{"uv":[6,11,12,12],"texture":"#bottle"},
				"east":{"uv":[6,11,12,12],"texture":"#bottle"},
				"south":{"uv":[6,11,12,12],"texture":"#bottle"},
				"west":{"uv":[6,11,12,12],"texture":"#bottle"}
			}
		},
		{
			"from":[6.01,10.99,6.01],
			"to":[9.99,9.01,9.99],
			"faces":{
				"north":{"uv":[6,11,12,12],"texture":"#bottle"},
				"east":{"uv":[6,11,12,12],"texture":"#bottle"},
				"south":{"uv":[6,11,12,12],"texture":"#bottle"},
				"west":{"uv":[6,11,12,12],"texture":"#bottle"}
			}
		},
		{
			"from":[5,11,5],
			"to":[11,13,11],
			"faces":{
				"north":{"uv":[0,10,6,16],"texture":"#bottle"},
				"east":{"uv":[0,10,6,16],"texture":"#bottle"},
				"south":{"uv":[0,10,6,16],"texture":"#bottle"},
				"west":{"uv":[0,10,6,16],"texture":"#bottle"},
				"up":{"uv":[6,10,12,16],"texture":"#bottle"},
				"down":{"uv":[6,10,12,16],"texture":"#bottle"}
			}
		},
		{
			"from":[5.01,12.99,5.01],
			"to":[10.99,11.01,10.99],
			"faces":{
				"north":{"uv":[0,16,6,10],"texture":"#bottle"},
				"east":{"uv":[0,16,6,10],"texture":"#bottle"},
				"south":{"uv":[0,16,6,10],"texture":"#bottle"},
				"west":{"uv":[0,16,6,10],"texture":"#bottle"},
				"up":{"uv":[6,10,12,16],"texture":"#bottle"},
				"down":{"uv":[6,10,12,16],"texture":"#bottle"}
			}
		},
		{
			"from":[6,13,6],
			"to":[10,14,10],
			"faces":{
				"north":{"uv":[12,15,16,16],"texture":"#bottle"},
				"east":{"uv":[16,15,12,16],"texture":"#bottle"},
				"south":{"uv":[12,15,16,16],"texture":"#bottle"},
				"west":{"uv":[16,15,12,16],"texture":"#bottle"},
				"up":{"uv":[12,12,16,16],"texture":"#bottle"},
				"down":{"uv":[12,16,16,12],"texture":"#bottle"}
			}
		},
		{
			"from":[6.6,11,6.6],
			"to":[9.4,13,9.4],
			"faces":{
				"north":{"uv":[12,12,13,13],"texture":"#bottle"},
				"east":{"uv":[12,12,13,13],"texture":"#bottle"},
				"south":{"uv":[12,12,13,13],"texture":"#bottle"},
				"west":{"uv":[12,12,13,13],"texture":"#bottle"},
				"down":{"uv":[12,12,13,13],"texture":"#bottle"}
			}
		}
	],
	"display":{
		"thirdperson_righthand":{
			"translation":[0,-0.5,0],
			"scale":[0.4,0.4,0.4]
		},
		"firstperson_righthand":{
			"rotation":[-10,5,0],
			"translation":[0,3,2],
			"scale":[0.35,0.35,0.35]
		},
		"ground":{
			"translation":[0,3,0],
			"scale":[0.4,0.4,0.4]
		},
		"gui":{
			"rotation":[30,225,0],
			"translation":[0,0.5,0],
			"scale":[0.9,0.9,0.9]
		},
		"fixed":{
			"translation":[0,1,-1.9],
			"scale":[0.75,0.75,0.75]
		}
	}
}