{
  "display": {
    "firstperson_righthand": {
      "rotation": [
        0,
        45,
        0
      ],
      "translation": [
        0,
        0,
        0
      ],
      "scale": [
        0.4,
        0.4,
        0.4
      ]
    },
    "firstperson_lefthand": {
      "rotation": [
        0,
        225,
        0
      ],
      "translation": [
        0,
        0,
        0
      ],
      "scale": [
        0.4,
        0.4,
        0.4
      ]
    },
    "gui": {
      "rotation": [
        30,
        -45,
        0
      ],
      "translation": [
        0,
        -1.25,
        0
      ],
      "scale": [
        0.6,
        0.6,
        0.6
      ]
    },
    "fixed": {
      "rotation": [
        0,
        0,
        0
      ],
      "translation": [
        0,
        -0.5,
        0
      ],
      "scale": [
        0.55,
        0.55,
        0.55
      ]
    },
    "thirdperson_righthand": {
      "rotation": [
        75,
        45,
        0
      ],
      "translation": [
        0,
        2.5,
        0
      ],
      "scale": [
        0.35,
        0.35,
        0.35
      ]
    },
    "ground": {
      "rotation": [
        0,
        0,
        0
      ],
      "translation": [
        0,
        3,
        0
      ],
      "scale": [
        0.25,
        0.25,
        0.25
      ]
    },
    "head": {
      "rotation": [
        180,
        0,
        0
      ],
      "translation": [
        0,
        10,
        0
      ]
    }
  },
  "variable_placeholders": "",
  "name": "spyglass_in_hand",
  "visible_box": [
    1,
    1,
    0
  ],
  "meta": {
    "format_version": "4.5",
    "model_format": "java_block",
    "box_uv": false
  },
  "unhandled_root_fields": {},
  "parent": "block/hopper",
  "__comment": "Designed by GeForceLegend",
  "resolution": {
    "width": 16,
    "height": 16
  },
  "variable_placeholder_buttons": [],
  "outliner": [
    "0d6fa512-002c-7acc-94e8-f1d93f9a2b9a",
    "4ceb7068-1075-ccfb-0a8b-5d5173f4edd5"
  ],
  "front_gui_light": true,
  "elements": [
    {
      "from": [
        0,
        10,
        0
      ],
      "to": [
        16,
        11,
        16
      ],
      "faces": {
        "north": {
          "uv": [
            0,
            5,
            16,
            6
          ],
          "texture": "#2",
          "cullface": "north"
        },
        "east": {
          "uv": [
            0,
            5,
            16,
            6
          ],
          "texture": "#2",
          "cullface": "east"
        },
        "south": {
          "uv": [
            0,
            5,
            16,
            6
          ],
          "texture": "#2",
          "cullface": "south"
        },
        "west": {
          "uv": [
            0,
            5,
            16,
            6
          ],
          "texture": "#2",
          "cullface": "west"
        },
        "up": {
          "uv": [
            0,
            0,
            16,
            16
          ],
          "texture": "#1",
          "cullface": "up"
        },
        "down": {
          "uv": [
            0,
            0,
            16,
            16
          ],
          "texture": "#1"
        }
      }
    },
    {
      "from": [
        0,
        11,
        0
      ],
      "to": [
        2,
        16,
        16
      ],
      "faces": {
        "north": {
          "uv": [
            14,
            0,
            16,
            5
          ],
          "texture": "#2",
          "cullface": "north"
        },
        "east": {
          "uv": [
            0,
            0,
            16,
            5
          ],
          "texture": "#2",
          "cullface": "up"
        },
        "south": {
          "uv": [
            0,
            0,
            2,
            5
          ],
          "texture": "#2",
          "cullface": "south"
        },
        "west": {
          "uv": [
            0,
            0,
            16,
            5
          ],
          "texture": "#2",
          "cullface": "west"
        },
        "up": {
          "uv": [
            0,
            0,
            2,
            16
          ],
          "texture": "#3",
          "cullface": "up"
        }
      }
    },
    {
      "from": [
        14,
        11,
        0
      ],
      "to": [
        16,
        16,
        16
      ],
      "faces": {
        "north": {
          "uv": [
            0,
            0,
            2,
            5
          ],
          "texture": "#2",
          "cullface": "north"
        },
        "east": {
          "uv": [
            0,
            0,
            16,
            5
          ],
          "texture": "#2",
          "cullface": "east"
        },
        "south": {
          "uv": [
            14,
            0,
            16,
            5
          ],
          "texture": "#2",
          "cullface": "south"
        },
        "west": {
          "uv": [
            0,
            0,
            16,
            5
          ],
          "texture": "#2",
          "cullface": "up"
        },
        "up": {
          "uv": [
            14,
            0,
            16,
            16
          ],
          "texture": "#3",
          "cullface": "up"
        }
      }
    },
    {
      "from": [
        2,
        11,
        0
      ],
      "to": [
        14,
        16,
        2
      ],
      "faces": {
        "north": {
          "uv": [
            2,
            0,
            14,
            5
          ],
          "texture": "#2",
          "cullface": "north"
        },
        "south": {
          "uv": [
            2,
            0,
            14,
            5
          ],
          "texture": "#2",
          "cullface": "up"
        },
        "up": {
          "uv": [
            2,
            0,
            14,
            2
          ],
          "texture": "#3",
          "cullface": "up"
        }
      }
    },
    {
      "from": [
        2,
        11,
        14
      ],
      "to": [
        14,
        16,
        16
      ],
      "faces": {
        "north": {
          "uv": [
            2,
            0,
            14,
            5
          ],
          "texture": "#2",
          "cullface": "up"
        },
        "south": {
          "uv": [
            2,
            0,
            14,
            5
          ],
          "texture": "#2",
          "cullface": "south"
        },
        "up": {
          "uv": [
            2,
            14,
            14,
            16
          ],
          "texture": "#3",
          "cullface": "up"
        }
      }
    },
    {
      "from": [
        4,
        4,
        4
      ],
      "to": [
        12,
        10,
        12
      ],
      "faces": {
        "north": {
          "uv": [
            4,
            6,
            12,
            12
          ],
          "texture": "#2"
        },
        "east": {
          "uv": [
            4,
            6,
            12,
            12
          ],
          "texture": "#2"
        },
        "south": {
          "uv": [
            4,
            6,
            12,
            12
          ],
          "texture": "#2"
        },
        "west": {
          "uv": [
            4,
            6,
            12,
            12
          ],
          "texture": "#2"
        },
        "down": {
          "uv": [
            4,
            4,
            12,
            12
          ],
          "texture": "#1"
        }
      }
    },
    {
      "from": [
        6,
        0,
        6
      ],
      "to": [
        10,
        4,
        10
      ],
      "faces": {
        "north": {
          "uv": [
            6,
            12,
            10,
            16
          ],
          "texture": "#2"
        },
        "east": {
          "uv": [
            6,
            12,
            10,
            16
          ],
          "texture": "#2"
        },
        "south": {
          "uv": [
            6,
            12,
            10,
            16
          ],
          "texture": "#2"
        },
        "west": {
          "uv": [
            6,
            12,
            10,
            16
          ],
          "texture": "#2"
        },
        "down": {
          "uv": [
            6,
            6,
            10,
            10
          ],
          "texture": "#1",
          "cullface": "down"
        }
      }
    }
  ],
  "textures": {
    "1": "block/hopper_inside",
    "2": "block/hopper_outside",
    "3": "block/hopper_top",
    "particle": "block/hopper_outside"
  },
  "credit": "Made with Blockbench"
}