{
	"__comment":"Designed by GeForceLegend",
	"parent":"item/door",
	"textures":{
		"bottom1":"block/iron_door_bottom1",
		"bottom":"block/iron_door_bottom",
		"top1":"block/iron_door_top1",
		"top2":"block/iron_door_top2",
		"top":"block/iron_door_top",
		"particle":"item/iron_door"
	},
	"elements":[
		{
			"from":[3,-8,6.5],
			"to":[13,-5,9.5],
			"faces":{
				"north":{"uv":[3,13,13,16],"texture":"#bottom"},
				"south":{"uv":[13,13,3,16],"texture":"#bottom"},
				"up":{"uv":[12,13,2,14],"texture":"#bottom"},
				"down":{"uv":[7,3,10,13],"rotation":270,"texture":"#bottom1"}
			}
		},
		{
			"from":[13,-8,6.5],
			"to":[16,8,9.5],
			"faces":{
				"north":{"uv":[0,0,3,16],"texture":"#bottom"},
				"east":{"uv":[0,0,3,16],"texture":"#bottom1"},
				"south":{"uv":[3,0,0,16],"texture":"#bottom"},
				"west":{"uv":[2,0,3,16],"texture":"#bottom"},
				"down":{"uv":[7,13,10,16],"rotation":270,"texture":"#bottom1"}
			}
		},
		{
			"from":[0,-8,6.5],
			"to":[3,8,9.5],
			"faces":{
				"north":{"uv":[13,0,16,16],"texture":"#bottom"},
				"east":{"uv":[13,0,14,16],"texture":"#bottom"},
				"south":{"uv":[16,0,13,16],"texture":"#bottom"},
				"west":{"uv":[13,0,16,16],"texture":"#bottom1"},
				"down":{"uv":[7,0,10,3],"rotation":270,"texture":"#bottom1"}
			}
		},
		{
			"from":[7,-5,6.5],
			"to":[9,8,9.5],
			"faces":{
				"north":{"uv":[7,0,9,13],"texture":"#bottom"},
				"east":{"uv":[7,0,8,13],"texture":"#bottom"},
				"south":{"uv":[9,0,7,13],"texture":"#bottom"},
				"west":{"uv":[8,0,9,13],"texture":"#bottom"}
			}
		},
		{
			"from":[3,-5,7.5],
			"to":[13,6,8.5],
			"faces":{
				"north":{"uv":[3,2,13,13],"texture":"#bottom"},
				"south":{"uv":[13,2,3,13],"texture":"#bottom"}
			}
		},
		{
			"from":[3,-2,6.5],
			"to":[13,1,9.5],
			"faces":{
				"north":{"uv":[3,7,13,10],"texture":"#bottom"},
				"south":{"uv":[13,7,3,10],"texture":"#bottom"},
				"up":{"uv":[13,7,3,8],"texture":"#bottom"},
				"down":{"uv":[13,9,3,10],"texture":"#bottom"}
			}
		},
		{
			"from":[3,4,6.5],
			"to":[13,7,9.5],
			"faces":{
				"north":{"uv":[3,1,13,4],"texture":"#bottom"},
				"south":{"uv":[13,1,3,4],"texture":"#bottom"},
				"up":{"uv":[13,1,3,2],"texture":"#bottom"},
				"down":{"uv":[13,3,3,4],"texture":"#bottom"}
			}
		},
		{
			"from":[4,8,5.5],
			"to":[5,10,6.5],
			"faces":{
				"north":{"uv":[11,14,12,16],"texture":"#top"},
				"east":{"uv":[11,14,12,16],"texture":"#top"},
				"south":{"uv":[11,14,12,16],"texture":"#top"},
				"west":{"uv":[11,14,12,16],"texture":"#top"},
				"up":{"uv":[11,14,12,15],"texture":"#top"},
				"down":{"uv":[11,15,12,16],"texture":"#top"}
			}
		},
		{
			"from":[2,9,5.5],
			"to":[4,10,6.5],
			"faces":{
				"north":{"uv":[12,14,14,15],"texture":"#top"},
				"south":{"uv":[14,14,12,15],"texture":"#top"},
				"west":{"uv":[13,14,14,15],"texture":"#top"},
				"up":{"uv":[14,14,12,15],"texture":"#top"},
				"down":{"uv":[14,14,12,15],"texture":"#top"}
			}
		},
		{
			"from":[2,9,9.5],
			"to":[4,10,10.5],
			"faces":{
				"north":{"uv":[12,14,14,15],"texture":"#top"},
				"south":{"uv":[14,14,12,15],"texture":"#top"},
				"west":{"uv":[13,14,14,15],"texture":"#top"},
				"up":{"uv":[14,14,12,15],"texture":"#top"},
				"down":{"uv":[14,14,12,15],"texture":"#top"}
			}
		},
		{
			"from":[4,8,9.5],
			"to":[5,10,10.5],
			"faces":{
				"north":{"uv":[11,14,12,16],"texture":"#top"},
				"east":{"uv":[11,14,12,16],"texture":"#top"},
				"south":{"uv":[11,14,12,16],"texture":"#top"},
				"west":{"uv":[11,14,12,16],"texture":"#top"},
				"up":{"uv":[11,14,12,15],"texture":"#top"},
				"down":{"uv":[11,15,12,16],"texture":"#top"}
			}
		},
		{
			"from":[7,13,7.5],
			"to":[9,21,8.5],
			"faces":{
				"north":{"uv":[7,3,9,11],"texture":"#top"},
				"east":{"uv":[7,3,8,11],"texture":"#top"},
				"south":{"uv":[9,3,7,11],"texture":"#top"},
				"west":{"uv":[8,3,9,11],"texture":"#top"}
			}
		},
		{
			"from":[3,16,7.5],
			"to":[13,18,8.5],
			"faces":{
				"north":{"uv":[3,6,13,8],"texture":"#top"},
				"south":{"uv":[13,6,3,8],"texture":"#top"},
				"up":{"uv":[13,6,3,7],"texture":"#top"},
				"down":{"uv":[13,7,3,8],"texture":"#top"}
			}
		},
		{
			"from":[3,7,7.5],
			"to":[13,11,8.5],
			"faces":{
				"north":{"uv":[3,13,13,16],"texture":"#top2"},
				"south":{"uv":[13,13,3,16],"texture":"#top2"}
			}
		},
		{
			"from":[7,8,6.5],
			"to":[9,10,9.5],
			"faces":{
				"north":{"uv":[9,14,7,16],"texture":"#top"},
				"east":{"uv":[7,14,8,16],"texture":"#top"},
				"south":{"uv":[9,14,7,16],"texture":"#top"},
				"west":{"uv":[8,14,9,16],"texture":"#top"}
			}
		},
		{
			"from":[3,21,6.5],
			"to":[13,24,9.5],
			"faces":{
				"north":{"uv":[3,0,13,3],"texture":"#top"},
				"south":{"uv":[13,0,3,3],"texture":"#top"},
				"up":{"uv":[0,3,3,13],"rotation":90,"texture":"#top2"},
				"down":{"uv":[13,3,16,13],"rotation":270,"texture":"#top2"}
			}
		},
		{
			"from":[3,10,6.5],
			"to":[13,13,9.5],
			"faces":{
				"north":{"uv":[3,11,13,14],"texture":"#top"},
				"south":{"uv":[13,11,3,14],"texture":"#top"},
				"up":{"uv":[7,3,10,13],"rotation":90,"texture":"#top1"},
				"down":{"uv":[13,13,3,14],"texture":"#top"}
			}
		},
		{
			"from":[0,8,6.5],
			"to":[3,24,9.5],
			"faces":{
				"north":{"uv":[13,0,16,16],"texture":"#top"},
				"east":{"uv":[10,0,13,16],"texture":"#top1"},
				"south":{"uv":[16,0,13,16],"texture":"#top"},
				"west":{"uv":[13,0,16,16],"texture":"#top1"},
				"up":{"uv":[0,13,3,16],"rotation":90,"texture":"#top2"}
			}
		},
		{
			"from":[13,8,6.5],
			"to":[16,24,9.5],
			"faces":{
				"north":{"uv":[0,0,3,16],"texture":"#top"},
				"east":{"uv":[0,0,3,16],"texture":"#top1"},
				"south":{"uv":[3,0,0,16],"texture":"#top"},
				"west":{"uv":[3,0,6,16],"texture":"#top1"},
				"up":{"uv":[0,0,3,3],"rotation":90,"texture":"#top2"}
			}
		}
	]
}