{
  "gui_light": "front",
  "display": {
    "firstperson_righthand": {
      "rotation": [
        0,
        45,
        0
      ],
      "translation": [
        -1,
        0,
        0
      ],
      "scale": [
        0.5,
        0.5,
        0.5
      ]
    },
    "gui": {
      "rotation": [
        0,
        90,
        0
      ],
      "scale": [
        0.8,
        0.8,
        0.8
      ]
    },
    "fixed": {
      "rotation": [
        0,
        90,
        0
      ],
      "scale": [
        0.75,
        0.75,
        0.75
      ]
    },
    "thirdperson_righthand": {
      "rotation": [
        0,
        45,
        0
      ],
      "translation": [
        0,
        1,
        2
      ],
      "scale": [
        0.25,
        0.25,
        0.25
      ]
    },
    "ground": {
      "scale": [
        0.25,
        0.25,
        0.25
      ],
      "translation": [
        0,
        3.5,
        0
      ]
    },
    "head": {
      "rotation": [
        0,
        90,
        0
      ],
      "translation": [
        0,
        0,
        -6.5
      ],
      "scale": [
        0.81,
        0.81,
        0.81
      ]
    }
  },
  "elements": [
    {
      "from": [
        8,
        0,
        0
      ],
      "to": [
        8,
        16,
        8
      ],
      "faces": {
        "east": {
          "uv": [
            8,
            0,
            16,
            16
          ],
          "texture": "#layer0"
        },
        "west": {
          "uv": [
            16,
            0,
            8,
            16
          ],
          "texture": "#layer0"
        }
      }
    },
    {
      "from": [
        7,
        0,
        0
      ],
      "to": [
        9,
        16,
        0
      ],
      "faces": {
        "north": {
          "uv": [
            7,
            0,
            9,
            16
          ],
          "texture": "#layer0",
          "cullface": "north"
        },
        "south": {
          "uv": [
            9,
            0,
            7,
            16
          ],
          "texture": "#layer0"
        }
      }
    },
    {
      "name": "cube1",
      "from": [
        7,
        16,
        0
      ],
      "to": [
        9,
        16,
        16
      ],
      "faces": {
        "up": {
          "uv": [
            7,
            0,
            9,
            16
          ],
          "texture": "#layer0"
        },
        "down": {
          "uv": [
            9,
            0,
            7,
            16
          ],
          "texture": "#layer0"
        }
      }
    },
    {
      "name": "cube1",
      "from": [
        8,
        0,
        8
      ],
      "to": [
        8,
        16,
        16
      ],
      "faces": {
        "east": {
          "uv": [
            0,
            0,
            8,
            16
          ],
          "texture": "#layer0"
        },
        "west": {
          "uv": [
            8,
            0,
            0,
            16
          ],
          "texture": "#layer0"
        }
      }
    },
    {
      "name": "cube1",
      "from": [
        7,
        0,
        16
      ],
      "to": [
        9,
        16,
        16
      ],
      "rotation": {
        "angle": 0,
        "axis": "y",
        "origin": [
          8,
          8,
          8
        ]
      },
      "faces": {
        "north": {
          "uv": [
            9,
            0,
            7,
            16
          ],
          "texture": "#layer0"
        },
        "south": {
          "uv": [
            7,
            0,
            9,
            16
          ],
          "texture": "#layer0",
          "cullface": "south"
        }
      }
    },
    {
      "name": "cube1",
      "from": [
        7,
        0,
        0
      ],
      "to": [
        9,
        0,
        16
      ],
      "faces": {
        "up": {
          "uv": [
            7,
            0,
            9,
            16
          ],
          "texture": "#layer0"
        },
        "down": {
          "uv": [
            9,
            0,
            7,
            16
          ],
          "texture": "#layer0"
        }
      }
    }
  ],
  "textures": {
    "particle": "block/iron_bars",
    "layer0": "block/iron_bars"
  },
  "__comment": "Designed by GeForceLegend",
  "credit": "Made with Blockbench"
}