{
	"credit": "Made with Blockbench",
	"texture_size": [32, 32],
	"textures": {
		"0": "item/iron_sword_hand",
		"particle": "item/iron_sword_hand"
	},
	"elements": [
		{
			"name": "handle",
			"from": [7.39975, 0, 7.4],
			"to": [8.59975, 6, 8.6],
			"rotation": {"angle": 0, "axis": "y", "origin": [8.09975, 12.5, 8.1]},
			"faces": {
				"north": {"uv": [4.5, 3, 5, 6], "texture": "#0"},
				"east": {"uv": [5, 3, 5.5, 6], "texture": "#0"},
				"south": {"uv": [5.5, 3, 6, 6], "texture": "#0"},
				"west": {"uv": [4, 3, 4.5, 6], "texture": "#0"},
				"up": {"uv": [4.5, 7.5, 4, 7], "rotation": 270, "texture": "#0"},
				"down": {"uv": [5, 7, 4.5, 7.5], "rotation": 90, "texture": "#0"}
			}
		},
		{
			"name": "blade tip",
			"from": [7.99975, 21, 6.5],
			"to": [8.00075, 23, 9.5],
			"rotation": {"angle": 0, "axis": "y", "origin": [7.99975, 12.5, 8]},
			"faces": {
				"north": {"uv": [13, 9, 13, 10], "texture": "#0"},
				"east": {"uv": [7.5, 1, 6, 2], "texture": "#0"},
				"south": {"uv": [14, 9.5, 14, 10.5], "texture": "#0"},
				"west": {"uv": [6, 1, 7.5, 2], "texture": "#0"},
				"up": {"uv": [13.5, 10.5, 12, 10.5], "rotation": 270, "texture": "#0"},
				"down": {"uv": [12.5, 9, 11, 9], "rotation": 90, "texture": "#0"}
			}
		},
		{
			"name": "hilt",
			"from": [6.49975, 6, 5],
			"to": [9.49975, 7, 11],
			"rotation": {"angle": 0, "axis": "y", "origin": [7.99975, 12.5, 8]},
			"faces": {
				"north": {"uv": [0, 7, 1.5, 7.5], "texture": "#0"},
				"east": {"uv": [6, 2.5, 9, 3], "texture": "#0"},
				"south": {"uv": [1.5, 7, 3, 7.5], "texture": "#0"},
				"west": {"uv": [6, 2, 9, 2.5], "texture": "#0"},
				"up": {"uv": [6, 1.5, 3, 0], "rotation": 270, "texture": "#0"},
				"down": {"uv": [6, 1.5, 3, 3], "rotation": 90, "texture": "#0"}
			}
		},
		{
			"name": "hilt 1",
			"from": [7.99975, 6, 10],
			"to": [8.00075, 8, 13],
			"rotation": {"angle": 0, "axis": "y", "origin": [7.99975, 12.5, 8]},
			"faces": {
				"north": {"uv": [12.5, 6.5, 12.5, 7.5], "texture": "#0"},
				"east": {"uv": [4, 6, 5.5, 7], "texture": "#0"},
				"south": {"uv": [12.5, 7.5, 12.5, 8.5], "texture": "#0"},
				"west": {"uv": [6, 3, 7.5, 4], "texture": "#0"},
				"up": {"uv": [13, 7.5, 11.5, 7.5], "rotation": 270, "texture": "#0"},
				"down": {"uv": [13, 8, 11.5, 8], "rotation": 90, "texture": "#0"}
			}
		},
		{
			"name": "hilt 2",
			"from": [7.99975, 6, 3],
			"to": [8.00075, 8, 6],
			"rotation": {"angle": 0, "axis": "y", "origin": [7.99975, 12.5, 8]},
			"faces": {
				"north": {"uv": [12.5, 7.5, 12.5, 8.5], "texture": "#0"},
				"east": {"uv": [6, 5, 7.5, 6], "texture": "#0"},
				"south": {"uv": [12, 7.5, 12, 8.5], "texture": "#0"},
				"west": {"uv": [6, 4, 7.5, 5], "texture": "#0"},
				"up": {"uv": [13, 8, 11.5, 8], "rotation": 270, "texture": "#0"},
				"down": {"uv": [13, 8, 11.5, 8], "rotation": 90, "texture": "#0"}
			}
		},
		{
			"name": "blade",
			"from": [7.49975, 7, 6.5],
			"to": [8.49975, 21, 9.5],
			"rotation": {"angle": 0, "axis": "y", "origin": [7.99975, 12.5, 8]},
			"faces": {
				"north": {"uv": [3, 3, 3.5, 10], "texture": "#0"},
				"east": {"uv": [0, 0, 1.5, 7], "texture": "#0"},
				"south": {"uv": [3.5, 3, 4, 10], "texture": "#0"},
				"west": {"uv": [1.5, 0, 0, 7], "texture": "#0"},
				"up": {"uv": [7, 6.5, 5.5, 6], "rotation": 270, "texture": "#0"},
				"down": {"uv": [7, 6.5, 5.5, 7], "rotation": 90, "texture": "#0"}
			}
		}
	],
	"display": {
		"thirdperson_righthand": {
			"translation": [0, 2, 1],
			"scale": [0.83, 0.83, 0.83]
		},
		"thirdperson_lefthand": {
			"translation": [0, 2, 1],
			"scale": [0.83, 0.83, 0.83]
		},
		"firstperson_righthand": {
			"rotation": [11, 0, 0],
			"translation": [1.25, 2.5, 0],
			"scale": [0.74, 0.74, 0.74]
		},
		"firstperson_lefthand": {
			"rotation": [11, 0, 0],
			"translation": [1.25, 2.5, 0],
			"scale": [0.74, 0.74, 0.74]
		}
	}
}