{
	"__comment":"Designed by GeForceLegend",
	"parent":"item/display_generated",
	"textures":{
		"layer0":"item/item_frame",
		"layer1":"item/item_frame_empty",
		"particle":"item/item_frame"
	},
	"elements":[
		{
			"from":[1,1,7.5],
			"to":[15,3,8.5],
			"faces":{
				"east":{"uv":[14,13,15,15],"texture":"#layer0"},
				"south":{"uv":[1,13,15,15],"texture":"#layer0"},
				"west":{"uv":[1,13,2,15],"texture":"#layer0"},
				"up":{"uv":[1,13,15,14],"texture":"#layer0"},
				"down":{"uv":[1,14,15,15],"texture":"#layer0"}
			}
		},
		{
			"from":[1,11,7.5],
			"to":[15,13,8.5],
			"faces":{
				"east":{"uv":[14,3,15,5],"texture":"#layer0"},
				"south":{"uv":[1,3,15,5],"texture":"#layer0"},
				"west":{"uv":[1,3,2,5],"texture":"#layer0"},
				"up":{"uv":[1,3,15,4],"texture":"#layer0"},
				"down":{"uv":[1,4,15,5],"texture":"#layer0"}
			}
		},
		{
			"from":[13,3,7.5],
			"to":[15,11,8.5],
			"faces":{
				"east":{"uv":[14,5,15,13],"texture":"#layer0"},
				"south":{"uv":[13,5,15,13],"texture":"#layer0"},
				"west":{"uv":[13,5,14,13],"texture":"#layer0"}
			}
		},
		{
			"from":[1,3,7.5],
			"to":[3,11,8.5],
			"faces":{
				"east":{"uv":[2,5,3,13],"texture":"#layer0"},
				"south":{"uv":[1,5,3,13],"texture":"#layer0"},
				"west":{"uv":[1,5,2,13],"texture":"#layer0"}
			}
		},
		{
			"from":[1,1,7.5],
			"to":[15,13,8],
			"faces":{
				"north":{"uv":[15,3,1,15],"texture":"#layer1"},
				"south":{"uv":[1,3,15,15],"texture":"#layer1"}
			}
		},
		{
			"from":[7,13,7.5],
			"to":[9,14,8.5],
			"faces":{
				"north":{"uv":[9,2,7,3],"texture":"#layer0"},
				"east":{"uv":[8,2,9,3],"texture":"#layer0"},
				"south":{"uv":[7,2,9,3],"texture":"#layer0"},
				"west":{"uv":[7,2,8,3],"texture":"#layer0"},
				"up":{"uv":[7,2,9,3],"texture":"#layer0"}
			}
		},
		{
			"from":[5,4,8],
			"to":[6,5,8.5],
			"faces":{
				"east":{"uv":[5,11,6,12],"texture":"#layer0"},
				"south":{"uv":[5,11,6,12],"texture":"#layer0"},
				"west":{"uv":[5,11,6,12],"texture":"#layer0"},
				"up":{"uv":[6,11,5,12],"texture":"#layer0"},
				"down":{"uv":[6,11,5,12],"texture":"#layer0"}
			}
		},
		{
			"from":[6,5,8],
			"to":[9,8,8.5],
			"faces":{
				"east":{"uv":[8,8,9,11],"texture":"#layer0"},
				"south":{"uv":[6,8,9,11],"texture":"#layer0"},
				"west":{"uv":[6,8,7,11],"texture":"#layer0"},
				"up":{"uv":[6,8,9,9],"texture":"#layer0"},
				"down":{"uv":[6,10,9,11],"texture":"#layer0"}
			}
		},
		{
			"from":[8,7,8],
			"to":[10,9,8.5],
			"faces":{
				"east":{"uv":[9,7,10,9],"texture":"#layer0"},
				"south":{"uv":[8,7,10,9],"texture":"#layer0"},
				"west":{"uv":[8,7,9,9],"texture":"#layer0"},
				"up":{"uv":[8,7,10,8],"texture":"#layer0"},
				"down":{"uv":[8,8,10,9],"texture":"#layer0"}
			}
		},
		{
			"from":[9,8,8],
			"to":[11,10,8.5],
			"faces":{
				"east":{"uv":[10,6,11,8],"texture":"#layer0"},
				"south":{"uv":[9,6,11,8],"texture":"#layer0"},
				"west":{"uv":[9,6,10,8],"texture":"#layer0"},
				"up":{"uv":[9,6,11,7],"texture":"#layer0"},
				"down":{"uv":[9,7,11,8],"texture":"#layer0"}
			}
		}
	]
}