{
	"__comment":"Designed by GeForceLegend",
	"parent":"item/door",
	"textures":{
		"bottom1":"block/jungle_door_bottom1",
		"bottom":"block/jungle_door_bottom",
		"top1":"block/jungle_door_top1",
		"top2":"block/jungle_door_top2",
		"top":"block/jungle_door_top",
		"particle":"item/jungle_door"
	},
	"elements":[
		{
			"from":[0,-8,6.5],
			"to":[16,8,9.5],
			"faces":{
				"north":{"uv":[0,0,16,16],"texture":"#bottom"},
				"east":{"uv":[0,0,3,16],"texture":"#bottom1"},
				"south":{"uv":[16,0,0,16],"texture":"#bottom"},
				"west":{"uv":[13,0,16,16],"texture":"#bottom1"},
				"down":{"uv":[7,0,10,16],"rotation":270,"texture":"#bottom1"}
			}
		},
		{
			"from":[6,16,7.5],
			"to":[7,20,8.5],
			"faces":{
				"north":{"uv":[9,4,10,8],"texture":"#top"},
				"east":{"uv":[9,4,10,8],"texture":"#top"},
				"south":{"uv":[9,4,10,8],"texture":"#top"},
				"west":{"uv":[9,4,10,8],"texture":"#top"}
			}
		},
		{
			"from":[9,16,7.5],
			"to":[10,20,8.5],
			"faces":{
				"north":{"uv":[6,4,7,8],"texture":"#top"},
				"east":{"uv":[6,4,7,8],"texture":"#top"},
				"south":{"uv":[6,4,7,8],"texture":"#top"},
				"west":{"uv":[6,4,7,8],"texture":"#top"}
			}
		},
		{
			"from":[4,14,7.5],
			"to":[12,16,8.5],
			"faces":{
				"north":{"uv":[4,8,12,10],"texture":"#top"},
				"south":{"uv":[12,8,4,10],"texture":"#top"},
				"up":{"uv":[12,8,4,9],"texture":"#top"},
				"down":{"uv":[12,9,4,10],"texture":"#top"}
			}
		},
		{
			"from":[4,21,6.5],
			"to":[12,24,9.5],
			"faces":{
				"north":{"uv":[4,0,12,3],"texture":"#top"},
				"south":{"uv":[12,0,4,3],"texture":"#top"},
				"up":{"uv":[6,4,9,12],"rotation":90,"texture":"#top1"},
				"down":{"uv":[0,3,3,5],"rotation":270,"texture":"#top2"}
			}
		},
		{
			"from":[5,20,6.5],
			"to":[7,21,9.5],
			"faces":{
				"north":{"uv":[9,3,11,4],"texture":"#top"},
				"east":{"uv":[0,2,3,3],"texture":"#top2"},
				"south":{"uv":[11,3,9,4],"texture":"#top"},
				"down":{"uv":[0,1,3,3],"rotation":270,"texture":"#top2"}
			}
		},
		{
			"from":[9,20,6.5],
			"to":[11,21,9.5],
			"faces":{
				"north":{"uv":[5,3,7,4],"texture":"#top"},
				"south":{"uv":[7,3,5,4],"texture":"#top"},
				"west":{"uv":[0,5,3,6],"texture":"#top2"},
				"down":{"uv":[0,5,3,7],"rotation":270,"texture":"#top2"}
			}
		},
		{
			"from":[4,19,6.5],
			"to":[5,21,9.5],
			"faces":{
				"north":{"uv":[11,3,12,5],"texture":"#top"},
				"east":{"uv":[0,0,3,1],"texture":"#top2"},
				"south":{"uv":[11,3,12,5],"texture":"#top"},
				"down":{"uv":[0,0,3,1],"rotation":270,"texture":"#top2"}
			}
		},
		{
			"from":[11,19,6.5],
			"to":[12,21,9.5],
			"faces":{
				"north":{"uv":[4,3,5,5],"texture":"#top"},
				"south":{"uv":[4,3,5,5],"texture":"#top"},
				"west":{"uv":[0,7,3,8],"texture":"#top2"},
				"down":{"uv":[0,7,3,8],"rotation":270,"texture":"#top2"}
			}
		},
		{
			"from":[4,8,6.5],
			"to":[5,15,9.5],
			"faces":{
				"north":{"uv":[11,9,12,16],"texture":"#top"},
				"east":{"uv":[11,9,12,10],"texture":"#top"},
				"south":{"uv":[11,9,12,16],"texture":"#top"},
				"up":{"uv":[11,9,12,10],"texture":"#top"}
			}
		},
		{
			"from":[5,8,6.5],
			"to":[6,14,9.5],
			"faces":{
				"north":{"uv":[10,10,11,16],"texture":"#top"},
				"east":{"uv":[10,10,11,11],"texture":"#top"},
				"south":{"uv":[10,10,11,16],"texture":"#top"},
				"up":{"uv":[10,10,11,11],"texture":"#top"}
			}
		},
		{
			"from":[0,8,6.5],
			"to":[4,24,9.5],
			"faces":{
				"north":{"uv":[12,0,16,16],"texture":"#top"},
				"east":{"uv":[10,0,13,16],"texture":"#top1"},
				"south":{"uv":[16,0,12,16],"texture":"#top"},
				"west":{"uv":[13,0,16,16],"texture":"#top1"},
				"up":{"uv":[6,12,9,16],"rotation":90,"texture":"#top1"}
			}
		},
		{
			"from":[7,8,6.5],
			"to":[9,12,9.5],
			"faces":{
				"north":{"uv":[7,12,9,16],"texture":"#top"},
				"south":{"uv":[9,12,7,16],"texture":"#top"},
				"up":{"uv":[3,1,6,3],"rotation":90,"texture":"#top2"}
			}
		},
		{
			"from":[9,8,6.5],
			"to":[10,13,9.5],
			"faces":{
				"north":{"uv":[6,11,7,16],"texture":"#top"},
				"south":{"uv":[6,11,7,16],"texture":"#top"},
				"west":{"uv":[3,0,6,1],"texture":"#top2"},
				"up":{"uv":[3,0,6,1],"rotation":90,"texture":"#top2"}
			}
		},
		{
			"from":[10,8,6.5],
			"to":[11,14,9.5],
			"faces":{
				"north":{"uv":[5,10,6,16],"texture":"#top"},
				"south":{"uv":[5,10,6,16],"texture":"#top"},
				"west":{"uv":[5,10,6,11],"texture":"#top"},
				"up":{"uv":[5,10,6,11],"texture":"#top"}
			}
		},
		{
			"from":[6,8,6.5],
			"to":[7,13,9.5],
			"faces":{
				"north":{"uv":[9,11,10,16],"texture":"#top"},
				"east":{"uv":[3,3,6,4],"texture":"#top2"},
				"south":{"uv":[9,11,10,16],"texture":"#top"},
				"up":{"uv":[3,3,6,4],"rotation":90,"texture":"#top2"}
			}
		},
		{
			"from":[11,8,6.5],
			"to":[12,15,9.5],
			"faces":{
				"north":{"uv":[4,9,5,16],"texture":"#top"},
				"south":{"uv":[4,9,5,16],"texture":"#top"},
				"west":{"uv":[4,9,5,10],"texture":"#top"},
				"up":{"uv":[4,9,5,10],"texture":"#top"}
			}
		},
		{
			"from":[12,8,6.5],
			"to":[16,24,9.5],
			"faces":{
				"north":{"uv":[0,0,4,16],"texture":"#top"},
				"east":{"uv":[0,0,3,16],"texture":"#top1"},
				"south":{"uv":[4,0,0,16],"texture":"#top"},
				"west":{"uv":[3,0,6,16],"texture":"#top1"},
				"up":{"uv":[6,0,9,4],"rotation":90,"texture":"#top1"}
			}
		},
		{
			"from":[2,9,5.5],
			"to":[4,10,10.5],
			"faces":{
				"north":{"uv":[12,14,14,15],"texture":"#top"},
				"south":{"uv":[14,14,12,15],"texture":"#top"},
				"west":{"uv":[13,14,14,15],"texture":"#top"},
				"up":{"uv":[14,14,12,15],"texture":"#top"},
				"down":{"uv":[14,14,12,15],"texture":"#top"}
			}
		},
		{
			"from":[4,8,5.5],
			"to":[5,10,10.5],
			"faces":{
				"north":{"uv":[11,14,12,16],"texture":"#top"},
				"east":{"uv":[11,14,12,16],"texture":"#top"},
				"south":{"uv":[11,14,12,16],"texture":"#top"},
				"west":{"uv":[11,14,12,16],"texture":"#top"},
				"up":{"uv":[11,14,12,15],"texture":"#top"},
				"down":{"uv":[11,15,12,16],"texture":"#top"}
			}
		}
	]
}