{
  "display": {
    "firstperson_righthand": {
      "rotation": [
        80,
        180,
        -45
      ],
      "translation": [
        0,
        1,
        0
      ],
      "scale": [
        0.9,
        0.9,
        0.9
      ]
    },
    "firstperson_lefthand": {
      "rotation": [
        75,
        0,
        90
      ],
      "translation": [
        -2.87,
        3.2,
        1.13
      ],
      "scale": [
        0.5,
        0.5,
        0.5
      ]
    },
    "gui": {
      "rotation": [
        45,
        135,
        0
      ],
      "translation": [
        0,
        -0.875,
        0
      ],
      "scale": [
        1,
        1,
        1
      ]
    },
    "fixed": {
      "rotation": [
        -90,
        0,
        0
      ],
      "scale": [
        1,
        1,
        1
      ],
      "translation": [
        0,
        0,
        -7
      ]
    },
    "thirdperson_righthand": {
      "rotation": [
        -50,
        0,
        0
      ],
      "translation": [
        0,
        0.25,
        0.75
      ],
      "scale": [
        0.5,
        0.5,
        0.5
      ]
    },
    "ground": {
      "rotation": [
        -30,
        0,
        0
      ],
      "translation": [
        0,
        2,
        0
      ],
      "scale": [
        0.35,
        0.35,
        0.35
      ]
    },
    "head": {
      "rotation": [
        0,
        180,
        0
      ],
      "translation": [
        0,
        7.75,
        0
      ]
    }
  },
  "variable_placeholders": "",
  "name": "spyglass_in_hand",
  "visible_box": [
    1,
    1,
    0
  ],
  "meta": {
    "format_version": "4.5",
    "model_format": "java_block",
    "box_uv": false
  },
  "unhandled_root_fields": {},
  "parent": "block/lever",
  "__comment": "Designed by GeForceLegend",
  "resolution": {
    "width": 16,
    "height": 16
  },
  "variable_placeholder_buttons": [],
  "outliner": [
    "0d6fa512-002c-7acc-94e8-f1d93f9a2b9a",
    "4ceb7068-1075-ccfb-0a8b-5d5173f4edd5"
  ],
  "front_gui_light": true,
  "elements": [
    {
      "from": [
        7,
        7.5,
        7
      ],
      "to": [
        9,
        14.5,
        9
      ],
      "rotation": {
        "angle": 45,
        "axis": "x",
        "origin": [
          8,
          7.5,
          8
        ]
      },
      "faces": {
        "north": {
          "uv": [
            7,
            6,
            9,
            13
          ],
          "texture": "#3"
        },
        "east": {
          "uv": [
            7,
            6,
            9,
            13
          ],
          "texture": "#3"
        },
        "south": {
          "uv": [
            7,
            6,
            9,
            13
          ],
          "texture": "#3"
        },
        "west": {
          "uv": [
            7,
            6,
            9,
            13
          ],
          "texture": "#3"
        },
        "up": {
          "uv": [
            7,
            6,
            9,
            8
          ],
          "texture": "#3"
        }
      }
    },
    {
      "from": [
        5,
        6.48,
        4
      ],
      "to": [
        11,
        9.48,
        12
      ],
      "rotation": {
        "angle": 0,
        "axis": "y",
        "origin": [
          0,
          6.5,
          0
        ]
      },
      "faces": {
        "north": {
          "uv": [
            5,
            0,
            11,
            3
          ],
          "texture": "#2"
        },
        "east": {
          "uv": [
            4,
            0,
            12,
            3
          ],
          "texture": "#2"
        },
        "south": {
          "uv": [
            5,
            0,
            11,
            3
          ],
          "texture": "#2"
        },
        "west": {
          "uv": [
            4,
            0,
            12,
            3
          ],
          "texture": "#2"
        },
        "up": {
          "uv": [
            5,
            4,
            11,
            12
          ],
          "texture": "#2"
        },
        "down": {
          "uv": [
            5,
            4,
            11,
            12
          ],
          "texture": "#2",
          "cullface": "down"
        }
      }
    }
  ],
  "textures": {
    "2": "block/cobblestone",
    "3": "block/lever",
    "particle": "block/cobblestone"
  },
  "credit": "Made with Blockbench"
}