{
  "gui_light": "front",
  "display": {
    "thirdperson_righthand": {
      "rotation": [
        0,
        -45,
        0
      ],
      "translation": [
        0,
        3,
        1.75
      ],
      "scale": [
        0.5,
        0.5,
        0.5
      ]
    },
    "firstperson_righthand": {
      "rotation": [
        0,
        -45,
        0
      ],
      "translation": [
        0,
        4.5,
        0
      ],
      "scale": [
        0.8,
        0.8,
        0.8
      ]
    },
    "ground": {
      "translation": [
        0,
        4.5,
        0
      ],
      "scale": [
        0.5,
        0.5,
        0.5
      ]
    },
    "gui": {
      "translation": [
        0,
        6,
        0
      ],
      "scale": [
        1.5,
        1.5,
        1.5
      ]
    },
    "head": {
      "translation": [
        0,
        6.25,
        -6.75
      ],
      "scale": [
        1.57,
        1.57,
        1.57
      ]
    },
    "fixed": {
      "translation": [
        0,
        5.6,
        0.75
      ],
      "scale": [
        1.4,
        1.4,
        1.4
      ]
    }
  },
  "elements": [
    {
      "from": [
        4,
        0,
        7.75
      ],
      "to": [
        12,
        8,
        8.25
      ],
      "faces": {
        "north": {
          "uv": [
            0,
            0,
            16,
            16
          ],
          "texture": "#1"
        },
        "east": {
          "uv": [
            0,
            0,
            1,
            16
          ],
          "texture": "#1"
        },
        "south": {
          "uv": [
            0,
            0,
            16,
            16
          ],
          "texture": "#1"
        },
        "west": {
          "uv": [
            0,
            0,
            1,
            16
          ],
          "texture": "#1"
        },
        "up": {
          "uv": [
            0,
            0,
            16,
            1
          ],
          "texture": "#1"
        },
        "down": {
          "uv": [
            0,
            0,
            16,
            1
          ],
          "texture": "#1"
        }
      }
    }
  ],
  "textures": {
    "1": "minecraft:block/light_blue_stained_glass",
    "particle": "minecraft:block/light_blue_stained_glass",
    "side": "block/light_blue_stained_glass_pane_top",
    "glass": "block/light_blue_stained_glass"
  },
  "parent": "item/glass_pane",
  "__comment": "Designed by GeForceLegend",
  "credit": "Made with Blockbench"
}