{
	"__comment":"Designed by GeForceLegend",
	"parent":"item/door",
	"textures":{
		"bottom1":"block/mangrove_door_bottom1",
		"bottom":"block/mangrove_door_bottom",
		"top1":"block/mangrove_door_top1",
		"top":"block/mangrove_door_top",
		"particle":"item/mangrove_door"
	},
	"elements":[
		{
			"from":[13,-8,6.5],
			"to":[16,8,9.5],
			"faces":{
				"north":{"uv":[0,0,3,16],"texture":"#bottom"},
				"east":{"uv":[0,0,3,16],"texture":"#bottom1"},
				"south":{"uv":[3,0,0,16],"texture":"#bottom"},
				"west":{"uv":[3,0,2,16],"texture":"#bottom"},
				"down":{"uv":[3,3,6,0],"rotation":270,"texture":"#bottom1"}
			}
		},
		{
			"from":[3,-8,6.5],
			"to":[13,-5,9.5],
			"faces":{
				"north":{"uv":[3,13,13,16],"texture":"#bottom"},
				"south":{"uv":[13,13,3,16],"texture":"#bottom"},
				"up":{"uv":[3,13,13,14],"rotation":180,"texture":"#bottom"},
				"down":{"uv":[3,13,6,3],"rotation":270,"texture":"#bottom1"}
			}
		},
		{
			"from":[0,-8,6.5],
			"to":[3,8,9.5],
			"faces":{
				"north":{"uv":[13,0,16,16],"texture":"#bottom"},
				"east":{"uv":[12,0,13,16],"texture":"#bottom1"},
				"south":{"uv":[16,0,13,16],"texture":"#bottom"},
				"west":{"uv":[13,0,16,16],"texture":"#bottom1"},
				"down":{"uv":[6,16,3,13],"texture":"#bottom1"}
			}
		},
		{
			"from":[3,-5,7],
			"to":[13,-3,9],
			"faces":{
				"north":{"uv":[3,11,13,13],"texture":"#bottom"},
				"south":{"uv":[13,11,3,13],"texture":"#bottom"},
				"up":{"uv":[3,11,13,12],"rotation":180,"texture":"#bottom"}
			}
		},
		{
			"from":[11,-3,7],
			"to":[13,8,9],
			"faces":{
				"north":{"uv":[3,0,5,11],"texture":"#bottom"},
				"south":{"uv":[5,0,3,11],"texture":"#bottom"},
				"west":{"uv":[4,0,5,11],"texture":"#bottom"}
			}
		},
		{
			"from":[3,-3,7],
			"to":[5,8,9],
			"faces":{
				"north":{"uv":[10,0,12,11],"texture":"#bottom1"},
				"east":{"uv":[11,0,12,11],"texture":"#bottom"},
				"south":{"uv":[12,0,10,11],"texture":"#bottom1"}
			}
		},
		{
			"from":[5,-3,7.5],
			"to":[11,8,8.5],
			"faces":{
				"north":{"uv":[5,0,11,11],"texture":"#bottom"},
				"south":{"uv":[11,0,5,11],"texture":"#bottom"}
			}
		},
		{
			"from":[6,0,7],
			"to":[10,2,9],
			"faces":{
				"north":{"uv":[6,6,10,8],"texture":"#bottom"},
				"east":{"uv":[6,6,7,8],"texture":"#bottom"},
				"south":{"uv":[10,6,6,8],"texture":"#bottom"},
				"west":{"uv":[9,6,10,8],"texture":"#bottom"},
				"up":{"uv":[6,6,10,7],"rotation":180,"texture":"#bottom"},
				"down":{"uv":[10,7,6,8],"texture":"#bottom"}
			}
		},
		{
			"from":[7,-1,7],
			"to":[9,3,9],
			"faces":{
				"north":{"uv":[7,5,9,9],"texture":"#bottom"},
				"east":{"uv":[7,5,8,9],"texture":"#bottom"},
				"south":{"uv":[9,5,7,9],"texture":"#bottom"},
				"west":{"uv":[8,5,9,9],"texture":"#bottom"},
				"up":{"uv":[7,5,9,6],"rotation":180,"texture":"#bottom"},
				"down":{"uv":[9,8,7,9],"texture":"#bottom"}
			}
		},
		{
			"from":[6,7,7],
			"to":[10,8,9],
			"faces":{
				"north":{"uv":[6,0,10,1],"texture":"#bottom"},
				"east":{"uv":[6,0,7,1],"texture":"#bottom"},
				"south":{"uv":[10,0,6,1],"texture":"#bottom"},
				"west":{"uv":[9,0,10,1],"texture":"#bottom"},
				"down":{"uv":[10,0,6,1],"texture":"#bottom"}
			}
		},
		{
			"from":[7,6,7],
			"to":[9,7,9],
			"faces":{
				"north":{"uv":[7,1,9,2],"texture":"#bottom"},
				"east":{"uv":[7,1,8,2],"texture":"#bottom"},
				"south":{"uv":[9,1,7,2],"texture":"#bottom"},
				"west":{"uv":[8,1,9,2],"texture":"#bottom"},
				"down":{"uv":[9,1,7,2],"texture":"#bottom"}
			}
		},
		{
			"from":[2.99,5,9.51],
			"to":[4,6,10.2],
			"faces":{
				"north":{"uv":[12,2,13,3],"texture":"#bottom"},
				"east":{"uv":[12,2,13,3],"texture":"#bottom"},
				"south":{"uv":[12,2,13,3],"texture":"#bottom"},
				"west":{"uv":[12,2,13,3],"texture":"#bottom"},
				"up":{"uv":[12,2,13,3],"rotation":90,"texture":"#bottom"},
				"down":{"uv":[12,2,13,3],"rotation":270,"texture":"#bottom"}
			}
		},
		{
			"from":[2.99,5,5.8],
			"to":[4,6,6.5],
			"faces":{
				"north":{"uv":[12,2,13,3],"texture":"#bottom"},
				"east":{"uv":[12,2,13,3],"texture":"#bottom"},
				"south":{"uv":[12,2,13,3],"texture":"#bottom"},
				"west":{"uv":[12,2,13,3],"texture":"#bottom"},
				"up":{"uv":[12,2,13,3],"rotation":90,"texture":"#bottom"},
				"down":{"uv":[12,2,13,3],"rotation":270,"texture":"#bottom"}
			}
		},
		{
			"from":[2,5,5.8],
			"to":[2.99,8,10.2],
			"faces":{
				"north":{"uv":[13,0,14,3],"texture":"#bottom"},
				"east":{"uv":[13,0,14,3],"texture":"#bottom"},
				"south":{"uv":[13,0,14,3],"texture":"#bottom"},
				"west":{"uv":[13,0,14,3],"texture":"#bottom"},
				"down":{"uv":[13,2,14,3],"rotation":270,"texture":"#bottom"}
			}
		},
		{
			"from":[13,8,6.5],
			"to":[16,24,9.5],
			"faces":{
				"north":{"uv":[0,0,3,16],"texture":"#top"},
				"east":{"uv":[0,0,3,16],"texture":"#top1"},
				"south":{"uv":[3,0,0,16],"texture":"#top"},
				"west":{"uv":[2,0,3,16],"texture":"#top"},
				"up":{"uv":[3,0,6,3],"rotation":90,"texture":"#top1"}
			}
		},
		{
			"from":[0,8,6.5],
			"to":[3,24,9.5],
			"faces":{
				"north":{"uv":[13,0,16,16],"texture":"#top"},
				"east":{"uv":[12,0,13,16],"texture":"#top1"},
				"south":{"uv":[16,0,13,16],"texture":"#top"},
				"west":{"uv":[16,0,13,16],"texture":"#top1"},
				"up":{"uv":[3,13,6,16],"rotation":90,"texture":"#top1"}
			}
		},
		{
			"from":[3,21,6.5],
			"to":[13,24,9.5],
			"faces":{
				"north":{"uv":[3,0,13,3],"texture":"#top"},
				"south":{"uv":[13,0,3,3],"texture":"#top"},
				"up":{"uv":[3,3,6,13],"rotation":90,"texture":"#top1"},
				"down":{"uv":[13,2,3,3],"texture":"#top"}
			}
		},
		{
			"from":[3,19,7],
			"to":[13,21,9],
			"faces":{
				"north":{"uv":[3,3,13,5],"texture":"#top"},
				"south":{"uv":[13,3,3,5],"texture":"#top"},
				"down":{"uv":[13,4,3,5],"texture":"#top"}
			}
		},
		{
			"from":[11,8,7],
			"to":[13,19,9],
			"faces":{
				"north":{"uv":[3,5,5,16],"texture":"#top"},
				"south":{"uv":[5,5,3,16],"texture":"#top"},
				"west":{"uv":[4,5,5,16],"texture":"#top"}
			}
		},
		{
			"from":[3,8,7],
			"to":[5,19,9],
			"faces":{
				"north":{"uv":[10,5,12,16],"texture":"#top1"},
				"east":{"uv":[11,5,12,16],"texture":"#top"},
				"south":{"uv":[12,5,10,16],"texture":"#top1"}
			}
		},
		{
			"from":[5,18,7],
			"to":[6,19,9],
			"faces":{
				"north":{"uv":[10,5,11,6],"texture":"#top"},
				"east":{"uv":[10,5,11,6],"texture":"#top"},
				"south":{"uv":[10,5,11,6],"texture":"#top"},
				"down":{"uv":[10,5,11,6],"rotation":270,"texture":"#top"}
			}
		},
		{
			"from":[10,18,7],
			"to":[11,19,9],
			"faces":{
				"north":{"uv":[5,5,6,6],"texture":"#top"},
				"south":{"uv":[5,5,6,6],"texture":"#top"},
				"west":{"uv":[5,5,6,6],"texture":"#top"},
				"down":{"uv":[5,5,6,6],"rotation":270,"texture":"#top"}
			}
		},
		{
			"from":[3,8,7.5],
			"to":[13,21,8.5],
			"faces":{
				"north":{"uv":[3,3,13,16],"texture":"#top"},
				"south":{"uv":[13,3,3,16],"texture":"#top"}
			}
		},
		{
			"from":[6,14,7],
			"to":[10,16,9],
			"faces":{
				"north":{"uv":[6,8,10,10],"texture":"#top"},
				"east":{"uv":[6,8,7,10],"texture":"#top"},
				"south":{"uv":[10,8,6,10],"texture":"#top"},
				"west":{"uv":[9,8,10,10],"texture":"#top"},
				"up":{"uv":[6,8,10,9],"rotation":180,"texture":"#top"},
				"down":{"uv":[10,9,6,10],"texture":"#top"}
			}
		},
		{
			"from":[7,13,7],
			"to":[9,17,9],
			"faces":{
				"north":{"uv":[7,7,9,11],"texture":"#top"},
				"east":{"uv":[7,7,8,11],"texture":"#top"},
				"south":{"uv":[9,7,7,11],"texture":"#top"},
				"west":{"uv":[8,7,9,11],"texture":"#top"},
				"up":{"uv":[7,7,9,8],"rotation":180,"texture":"#top"},
				"down":{"uv":[9,10,7,11],"texture":"#top"}
			}
		},
		{
			"from":[6,8,7],
			"to":[10,9,9],
			"faces":{
				"north":{"uv":[6,15,10,16],"texture":"#top"},
				"east":{"uv":[6,15,7,16],"texture":"#top"},
				"south":{"uv":[10,15,6,16],"texture":"#top"},
				"west":{"uv":[9,15,10,16],"texture":"#top"},
				"up":{"uv":[6,15,10,16],"rotation":180,"texture":"#top"}
			}
		},
		{
			"from":[7,9,7],
			"to":[9,10,9],
			"faces":{
				"north":{"uv":[7,14,9,15],"texture":"#top"},
				"east":{"uv":[7,14,8,15],"texture":"#top"},
				"south":{"uv":[9,14,7,15],"texture":"#top"},
				"west":{"uv":[8,14,9,15],"texture":"#top"},
				"up":{"uv":[7,14,9,15],"rotation":180,"texture":"#top"}
			}
		},
		{
			"from":[2,8,5.8],
			"to":[2.99,11,10.2],
			"faces":{
				"north":{"uv":[13,13,14,16],"texture":"#top"},
				"east":{"uv":[13,13,14,16],"texture":"#top"},
				"south":{"uv":[13,13,14,16],"texture":"#top"},
				"west":{"uv":[13,13,14,16],"texture":"#top"},
				"up":{"uv":[13,13,14,14],"rotation":90,"texture":"#top"}
			}
		},
		{
			"from":[2.99,10,9.51],
			"to":[4,11,10.2],
			"faces":{
				"north":{"uv":[12,13,13,14],"texture":"#top"},
				"east":{"uv":[12,13,13,14],"texture":"#top"},
				"south":{"uv":[12,13,13,14],"texture":"#top"},
				"west":{"uv":[12,13,13,14],"texture":"#top"},
				"up":{"uv":[12,13,13,14],"rotation":90,"texture":"#top"},
				"down":{"uv":[12,13,13,14],"rotation":90,"texture":"#top"}
			}
		},
		{
			"from":[2.99,10,5.8],
			"to":[4,11,6.5],
			"faces":{
				"north":{"uv":[12,13,13,14],"texture":"#top"},
				"east":{"uv":[12,13,13,14],"texture":"#top"},
				"south":{"uv":[12,13,13,14],"texture":"#top"},
				"west":{"uv":[12,13,13,14],"texture":"#top"},
				"up":{"uv":[12,13,13,14],"rotation":90,"texture":"#top"},
				"down":{"uv":[12,13,13,14],"rotation":270,"texture":"#top"}
			}
		}
	]
}