{
	"__comment":"Designed by GeForceLegend",
	"textures":{
		"minecart":"item/minecart_model",
		"particle":"item/minecart"
	},
	"elements":[
		{
			"from":[0,2,-2],
			"to":[16,4,18],
			"faces":{
				"north":{"uv":[8,4,16,5],"texture":"#minecart"},
				"east":{"uv":[10,15,0,16],"texture":"#minecart"},
				"south":{"uv":[8,5,16,4],"texture":"#minecart"},
				"west":{"uv":[0,15,10,16],"texture":"#minecart"},
				"up":{"uv":[8,5,16,15],"texture":"#minecart"},
				"down":{"uv":[0,5,8,15],"texture":"#minecart"}
			}
		},
		{
			"from":[0,4,0],
			"to":[2,12,16],
			"faces":{
				"east":{"uv":[0,1,8,5],"texture":"#minecart"},
				"west":{"uv":[8,0,16,4],"texture":"#minecart"},
				"up":{"uv":[8,1,0,0],"rotation":90,"texture":"#minecart"}
			}
		},
		{
			"from":[14,4,0],
			"to":[16,12,16],
			"faces":{
				"east":{"uv":[8,0,16,4],"texture":"#minecart"},
				"west":{"uv":[0,1,8,5],"texture":"#minecart"},
				"up":{"uv":[0,0,8,1],"rotation":90,"texture":"#minecart"}
			}
		},
		{
			"from":[0,4,16],
			"to":[16,12,18],
			"faces":{
				"north":{"uv":[0,1,8,5],"texture":"#minecart"},
				"east":{"uv":[12,15,16,16],"rotation":90,"texture":"#minecart"},
				"south":{"uv":[8,0,16,4],"texture":"#minecart"},
				"west":{"uv":[12,16,16,15],"rotation":90,"texture":"#minecart"},
				"up":{"uv":[8,1,0,0],"texture":"#minecart"}
			}
		},
		{
			"from":[0,4,-2],
			"to":[16,12,0],
			"faces":{
				"north":{"uv":[8,0,16,4],"texture":"#minecart"},
				"east":{"uv":[12,16,16,15],"rotation":90,"texture":"#minecart"},
				"south":{"uv":[0,1,8,5],"texture":"#minecart"},
				"west":{"uv":[12,15,16,16],"rotation":90,"texture":"#minecart"},
				"up":{"uv":[0,0,8,1],"texture":"#minecart"}
			}
		}
	],
	"display":{
		"thirdperson_righthand":{
			"rotation":[75,45,0],
			"translation":[0,2.5,0],
			"scale":[0.375,0.375,0.375]
		},
		"firstperson_righthand":{
			"rotation":[0,-135,0],
			"scale":[0.4,0.4,0.4]
		},
		"firstperson_lefthand":{
			"rotation":[0,225,0],
			"scale":[0.4,0.4,0.4]
		},
		"ground":{
			"translation":[0,3,0],
			"scale":[0.25,0.25,0.25]
		},
		"gui":{
			"rotation":[30,225,0],
			"scale":[0.55,0.55,0.55]
		},
		"fixed":{
			"rotation":[0,90,0],
			"scale":[0.5,0.5,0.5]
		}
	}
}