{
	"__comment":"Designed by GeForceLegend",
	"parent":"item/display_generated",
	"textures":{
		"layer0":"item/painting",
		"particle":"item/painting"
	},
	"elements":[
		{
			"from":[1.5,1.5,7.5],
			"to":[14.5,3.5,8.5],
			"faces":{
				"east":{"uv":[14,13,15,15],"texture":"#layer0"},
				"south":{"uv":[2,13,15,15],"texture":"#layer0"},
				"west":{"uv":[2,13,3,15],"texture":"#layer0"},
				"up":{"uv":[2,13,15,14],"texture":"#layer0"},
				"down":{"uv":[2,14,15,15],"texture":"#layer0"}
			}
		},
		{
			"from":[1.5,11.5,7.5],
			"to":[14.5,12.5,8.5],
			"faces":{
				"east":{"uv":[14,4,15,5],"texture":"#layer0"},
				"south":{"uv":[2,4,15,5],"texture":"#layer0"},
				"west":{"uv":[2,4,3,5],"texture":"#layer0"},
				"up":{"uv":[2,4,15,5],"texture":"#layer0"},
				"down":{"uv":[2,4,15,5],"texture":"#layer0"}
			}
		},
		{
			"from":[1.5,3.5,7.5],
			"to":[2.5,11.5,8.5],
			"faces":{
				"east":{"uv":[2,5,3,13],"texture":"#layer0"},
				"south":{"uv":[2,5,3,13],"texture":"#layer0"},
				"west":{"uv":[2,5,3,13],"texture":"#layer0"}
			}
		},
		{
			"from":[13.5,3.5,7.5],
			"to":[14.5,11.5,8.5],
			"faces":{
				"east":{"uv":[14,5,15,13],"texture":"#layer0"},
				"south":{"uv":[14,5,15,13],"texture":"#layer0"},
				"west":{"uv":[14,5,15,13],"texture":"#layer0"}
			}
		},
		{
			"from":[1.5,1.5,7.5],
			"to":[14.5,12.5,8],
			"faces":{
				"north":{"uv":[15,4,2,15],"texture":"#layer0"},
				"south":{"uv":[2,4,15,15],"texture":"#layer0"}
			}
		},
		{
			"from":[6.5,12.5,7.5],
			"to":[7.5,13.5,8.5],
			"faces":{
				"north":{"uv":[6,3,7,4],"texture":"#layer0"},
				"east":{"uv":[6,3,7,4],"texture":"#layer0"},
				"south":{"uv":[6,3,7,4],"texture":"#layer0"},
				"west":{"uv":[6,3,7,4],"texture":"#layer0"},
				"up":{"uv":[6,3,7,4],"texture":"#layer0"}
			}
		},
		{
			"from":[8.5,12.5,7.5],
			"to":[9.5,13.5,8.5],
			"faces":{
				"north":{"uv":[10,3,11,4],"texture":"#layer0"},
				"east":{"uv":[10,3,11,4],"texture":"#layer0"},
				"south":{"uv":[10,3,11,4],"texture":"#layer0"},
				"west":{"uv":[10,3,11,4],"texture":"#layer0"},
				"up":{"uv":[10,3,11,4],"texture":"#layer0"}
			}
		},
		{
			"from":[7.5,13.5,7.5],
			"to":[8.5,14.5,8.5],
			"faces":{
				"north":{"uv":[7,2,8,3],"texture":"#layer0"},
				"east":{"uv":[7,2,8,3],"texture":"#layer0"},
				"south":{"uv":[7,2,8,3],"texture":"#layer0"},
				"west":{"uv":[7,2,8,3],"texture":"#layer0"},
				"up":{"uv":[7,2,8,3],"texture":"#layer0"},
				"down":{"uv":[7,2,8,3],"texture":"#layer0"}
			}
		}
	]
}