{
	"__comment":"Designed by GeForceLegend",
	"parent":"item/display_handheld",
	"textures":{
		"particle":"#pickaxe"
	},
	"elements":[
		{
			"from":[2,1,7.5],
			"to":[4,3,8.5],
			"faces":{
				"north":{"uv":[4,13,2,15],"texture":"#pickaxe"},
				"east":{"uv":[3,13,4,15],"texture":"#pickaxe"},
				"south":{"uv":[2,13,4,15],"texture":"#pickaxe"},
				"west":{"uv":[2,13,3,15],"texture":"#pickaxe"},
				"up":{"uv":[2,13,4,14],"texture":"#pickaxe"},
				"down":{"uv":[2,14,4,15],"texture":"#pickaxe"}
			}
		},
		{
			"from":[3,3,7.5],
			"to":[4,4,8.5],
			"faces":{
				"north":{"uv":[3,12,4,13],"texture":"#pickaxe"},
				"south":{"uv":[3,12,4,13],"texture":"#pickaxe"},
				"west":{"uv":[3,12,4,13],"texture":"#pickaxe"},
				"up":{"uv":[3,12,4,13],"texture":"#pickaxe"}
			}
		},
		{
			"from":[4,2,7.5],
			"to":[5,5,8.5],
			"faces":{
				"north":{"uv":[4,11,5,14],"texture":"#pickaxe"},
				"east":{"uv":[4,11,5,14],"texture":"#pickaxe"},
				"south":{"uv":[4,11,5,14],"texture":"#pickaxe"},
				"west":{"uv":[4,11,5,14],"texture":"#pickaxe"},
				"up":{"uv":[4,11,5,12],"texture":"#pickaxe"},
				"down":{"uv":[4,13,5,14],"texture":"#pickaxe"}
			}
		},
		{
			"from":[5,3,7.5],
			"to":[6,6,8.5],
			"faces":{
				"north":{"uv":[5,10,6,13],"texture":"#pickaxe"},
				"east":{"uv":[5,10,6,13],"texture":"#pickaxe"},
				"south":{"uv":[5,10,6,13],"texture":"#pickaxe"},
				"west":{"uv":[5,10,6,13],"texture":"#pickaxe"},
				"up":{"uv":[5,10,6,11],"texture":"#pickaxe"},
				"down":{"uv":[5,12,6,13],"texture":"#pickaxe"}
			}
		},
		{
			"from":[6,4,7.5],
			"to":[7,7,8.5],
			"faces":{
				"north":{"uv":[6,9,7,12],"texture":"#pickaxe"},
				"east":{"uv":[6,9,7,12],"texture":"#pickaxe"},
				"south":{"uv":[6,9,7,12],"texture":"#pickaxe"},
				"west":{"uv":[6,9,7,12],"texture":"#pickaxe"},
				"up":{"uv":[6,9,7,10],"texture":"#pickaxe"},
				"down":{"uv":[6,11,7,12],"texture":"#pickaxe"}
			}
		},
		{
			"from":[7,5,7.5],
			"to":[8,8,8.5],
			"faces":{
				"north":{"uv":[7,8,8,11],"texture":"#pickaxe"},
				"east":{"uv":[7,8,8,11],"texture":"#pickaxe"},
				"south":{"uv":[7,8,8,11],"texture":"#pickaxe"},
				"west":{"uv":[7,8,8,11],"texture":"#pickaxe"},
				"up":{"uv":[7,8,8,9],"texture":"#pickaxe"},
				"down":{"uv":[7,10,8,11],"texture":"#pickaxe"}
			}
		},
		{
			"from":[8,6,7.5],
			"to":[9,9,8.5],
			"faces":{
				"north":{"uv":[8,7,9,10],"texture":"#pickaxe"},
				"east":{"uv":[8,7,9,10],"texture":"#pickaxe"},
				"south":{"uv":[8,7,9,10],"texture":"#pickaxe"},
				"west":{"uv":[8,7,9,10],"texture":"#pickaxe"},
				"up":{"uv":[8,7,9,8],"texture":"#pickaxe"},
				"down":{"uv":[8,9,9,10],"texture":"#pickaxe"}
			}
		},
		{
			"from":[9,7,7.5],
			"to":[10,10,8.5],
			"faces":{
				"north":{"uv":[9,6,10,9],"texture":"#pickaxe"},
				"east":{"uv":[9,6,10,9],"texture":"#pickaxe"},
				"south":{"uv":[9,6,10,9],"texture":"#pickaxe"},
				"west":{"uv":[9,6,10,9],"texture":"#pickaxe"},
				"up":{"uv":[9,6,10,7],"texture":"#pickaxe"},
				"down":{"uv":[9,8,10,9],"texture":"#pickaxe"}
			}
		},
		{
			"from":[10,8,7.5],
			"to":[11,9,8.5],
			"faces":{
				"north":{"uv":[10,7,11,8],"texture":"#pickaxe"},
				"east":{"uv":[10,7,11,8],"texture":"#pickaxe"},
				"south":{"uv":[10,7,11,8],"texture":"#pickaxe"},
				"down":{"uv":[10,7,11,8],"texture":"#pickaxe"}
			}
		},
		{
			"from":[10,9,7.5],
			"to":[12,11,8.5],
			"faces":{
				"north":{"uv":[12,5,10,7],"texture":"#pickaxe"},
				"south":{"uv":[10,5,12,7],"texture":"#pickaxe"},
				"west":{"uv":[10,5,11,7],"texture":"#pickaxe"},
				"down":{"uv":[10,6,12,7],"texture":"#pickaxe"}
			}
		},
		{
			"from":[12,11,7.5],
			"to":[14,13,8.5],
			"faces":{
				"north":{"uv":[14,3,12,5],"texture":"#pickaxe"},
				"east":{"uv":[13,3,14,5],"texture":"#pickaxe"},
				"south":{"uv":[12,3,14,5],"texture":"#pickaxe"},
				"west":{"uv":[12,3,13,5],"texture":"#pickaxe"},
				"up":{"uv":[12,3,14,4],"texture":"#pickaxe"},
				"down":{"uv":[12,4,14,5],"texture":"#pickaxe"}
			}
		},
		{
			"from":[11,10,7.3],
			"to":[12,11,8.7],
			"faces":{
				"north":{"uv":[11,5,12,6],"texture":"#pickaxe"},
				"east":{"uv":[11,5,12,6],"texture":"#pickaxe"},
				"south":{"uv":[11,5,12,6],"texture":"#pickaxe"},
				"west":{"uv":[11,5,12,6],"texture":"#pickaxe"},
				"up":{"uv":[11,5,12,6],"texture":"#pickaxe"},
				"down":{"uv":[11,5,12,6],"texture":"#pickaxe"}
			}
		},
		{
			"from":[10,11,7.4],
			"to":[12,12,8.6],
			"faces":{
				"north":{"uv":[12,4,10,5],"texture":"#pickaxe"},
				"east":{"uv":[11,4,12,5],"texture":"#pickaxe"},
				"south":{"uv":[10,4,12,5],"texture":"#pickaxe"},
				"west":{"uv":[10,4,11,5],"texture":"#pickaxe"},
				"up":{"uv":[10,4,12,5],"texture":"#pickaxe"},
				"down":{"uv":[10,4,12,5],"texture":"#pickaxe"}
			}
		},
		{
			"from":[12,9,7.4],
			"to":[13,11,8.6],
			"faces":{
				"north":{"uv":[12,5,13,7],"texture":"#pickaxe"},
				"east":{"uv":[12,5,13,7],"texture":"#pickaxe"},
				"south":{"uv":[12,5,13,7],"texture":"#pickaxe"},
				"west":{"uv":[12,5,13,7],"texture":"#pickaxe"},
				"up":{"uv":[12,5,13,6],"texture":"#pickaxe"},
				"down":{"uv":[12,6,13,7],"texture":"#pickaxe"}
			}
		},
		{
			"from":[13,5,7.6],
			"to":[14,11,8.4],
			"faces":{
				"north":{"uv":[13,5,14,11],"texture":"#pickaxe"},
				"east":{"uv":[13,5,14,11],"texture":"#pickaxe"},
				"south":{"uv":[13,5,14,11],"texture":"#pickaxe"},
				"west":{"uv":[13,5,14,11],"texture":"#pickaxe"},
				"down":{"uv":[13,10,14,11],"texture":"#pickaxe"}
			}
		},
		{
			"from":[6,12,7.6],
			"to":[12,13,8.4],
			"faces":{
				"north":{"uv":[12.008,3,6,4],"texture":"#pickaxe"},
				"south":{"uv":[6,3,12.008,4],"texture":"#pickaxe"},
				"west":{"uv":[6,3,7,4],"texture":"#pickaxe"},
				"up":{"uv":[6,3,12.008,4],"texture":"#pickaxe"},
				"down":{"uv":[6,3,12.008,4],"texture":"#pickaxe"}
			}
		},
		{
			"from":[6,11,7.8],
			"to":[11,14,8.2],
			"faces":{
				"north":{"uv":[11,2,6,5],"texture":"#pickaxe"},
				"east":{"uv":[10,2,11,5],"texture":"#pickaxe"},
				"south":{"uv":[6,2,11,5],"texture":"#pickaxe"},
				"west":{"uv":[6,2,7,5],"texture":"#pickaxe"},
				"up":{"uv":[6,2,11,3],"texture":"#pickaxe"},
				"down":{"uv":[6,4,11,5],"texture":"#pickaxe"}
			}
		},
		{
			"from":[5,12,7.8],
			"to":[6,13,8.2],
			"faces":{
				"north":{"uv":[5,3,6,4],"texture":"#pickaxe"},
				"south":{"uv":[5,3,6,4],"texture":"#pickaxe"},
				"west":{"uv":[5,3,6,4],"texture":"#pickaxe"},
				"up":{"uv":[5,3,6,4],"texture":"#pickaxe"},
				"down":{"uv":[5,3,6,4],"texture":"#pickaxe"}
			}
		},
		{
			"from":[12,5,7.8],
			"to":[15,10,8.2],
			"faces":{
				"north":{"uv":[15,6,12,11],"texture":"#pickaxe"},
				"east":{"uv":[14,6,15,11],"texture":"#pickaxe"},
				"south":{"uv":[12,6,15,11],"texture":"#pickaxe"},
				"west":{"uv":[12,6,13,11],"texture":"#pickaxe"},
				"up":{"uv":[12,6,15,7],"texture":"#pickaxe"},
				"down":{"uv":[12,10,15,11],"texture":"#pickaxe"}
			}
		},
		{
			"from":[13,4,7.8],
			"to":[14,5,8.2],
			"faces":{
				"north":{"uv":[13,11,14,12],"texture":"#pickaxe"},
				"east":{"uv":[13,11,14,12],"texture":"#pickaxe"},
				"south":{"uv":[13,11,14,12],"texture":"#pickaxe"},
				"west":{"uv":[13,11,14,12],"texture":"#pickaxe"},
				"down":{"uv":[13,11,14,12],"texture":"#pickaxe"}
			}
		}
	]
}