{
  "display": {
    "firstperson_righthand": {
      "rotation": [
        0,
        45,
        0
      ],
      "translation": [
        0,
        0.5,
        0
      ],
      "scale": [
        0.68,
        0.68,
        0.68
      ]
    },
    "gui": {
      "rotation": [
        30,
        45,
        0
      ],
      "translation": [
        0,
        3.5,
        0
      ],
      "scale": [
        1.6,
        1.6,
        1.6
      ]
    },
    "fixed": {
      "rotation": [
        0,
        180,
        0
      ],
      "scale": [
        1.4,
        1.4,
        1.4
      ],
      "translation": [
        0,
        0,
        0.5
      ]
    },
    "thirdperson_righthand": {
      "rotation": [
        66,
        0,
        0
      ],
      "translation": [
        0,
        0,
        0.5
      ],
      "scale": [
        0.6,
        0.6,
        0.6
      ]
    },
    "ground": {
      "rotation": [
        0,
        0,
        0
      ],
      "translation": [
        0,
        1.5,
        0
      ],
      "scale": [
        0.6,
        0.6,
        0.6
      ]
    },
    "head": {
      "translation": [
        0,
        8.75,
        0
      ]
    }
  },
  "parent": "block/pink_candle_one_candle",
  "__comment": "Designed by GeForceLegend",
  "textures": {
    "1": "block/pink_candle"
  },
  "credit": "Made with Blockbench",
  "elements": [
    {
      "from": [
        7.5,
        10.5,
        8
      ],
      "to": [
        8.5,
        11.5,
        8
      ],
      "rotation": {
        "angle": -45,
        "axis": "y",
        "origin": [
          8,
          10.5,
          8
        ]
      },
      "faces": {
        "north": {
          "uv": [
            0,
            5,
            1,
            6
          ],
          "texture": "#1"
        },
        "east": {
          "uv": [
            0,
            0,
            0,
            0
          ],
          "texture": "#1"
        },
        "south": {
          "uv": [
            1,
            5,
            0,
            6
          ],
          "texture": "#1"
        },
        "west": {
          "uv": [
            0,
            0,
            0,
            0
          ],
          "texture": "#1"
        },
        "up": {
          "uv": [
            0,
            0,
            0,
            0
          ],
          "texture": "#1"
        },
        "down": {
          "uv": [
            0,
            0,
            0,
            0
          ],
          "texture": "#1"
        }
      }
    },
    {
      "from": [
        7.5,
        10.5,
        8
      ],
      "to": [
        8.5,
        11.5,
        8
      ],
      "rotation": {
        "angle": 45,
        "axis": "y",
        "origin": [
          8,
          10.5,
          8
        ]
      },
      "faces": {
        "north": {
          "uv": [
            0,
            5,
            1,
            6
          ],
          "texture": "#1"
        },
        "east": {
          "uv": [
            0,
            0,
            0,
            0
          ],
          "texture": "#1"
        },
        "south": {
          "uv": [
            1,
            5,
            0,
            6
          ],
          "texture": "#1"
        },
        "west": {
          "uv": [
            0,
            0,
            0,
            0
          ],
          "texture": "#1"
        },
        "up": {
          "uv": [
            0,
            0,
            0,
            0
          ],
          "texture": "#1"
        },
        "down": {
          "uv": [
            0,
            0,
            0,
            0
          ],
          "texture": "#1"
        }
      }
    },
    {
      "from": [
        7,
        5.5,
        7
      ],
      "to": [
        9,
        10.5,
        9
      ],
      "rotation": {
        "angle": 0,
        "axis": "y",
        "origin": [
          2,
          5.5,
          2
        ]
      },
      "faces": {
        "north": {
          "uv": [
            0,
            8,
            2,
            13
          ],
          "texture": "#1"
        },
        "east": {
          "uv": [
            0,
            8,
            2,
            13
          ],
          "texture": "#1"
        },
        "south": {
          "uv": [
            0,
            8,
            2,
            13
          ],
          "texture": "#1"
        },
        "west": {
          "uv": [
            0,
            8,
            2,
            13
          ],
          "texture": "#1"
        },
        "up": {
          "uv": [
            0,
            6,
            2,
            8
          ],
          "texture": "#1"
        },
        "down": {
          "uv": [
            0,
            14,
            2,
            16
          ],
          "texture": "#1",
          "cullface": "down"
        }
      }
    }
  ]
}