{
	"credit": "Made with Blockbench",
	"texture_size": [64, 64],
	"textures": {
		"3": "item/bucket_snow"
	},
	"elements": [
		{
			"from": [3, 2, 3],
			"to": [13, 11, 4],
			"rotation": {"angle": 0, "axis": "y", "origin": [3, 1, 3]},
			"faces": {
				"north": {"uv": [0, 0, 2.5, 2.25], "texture": "#3"},
				"east": {"uv": [5.75, 6.75, 6, 9], "texture": "#3"},
				"south": {"uv": [0, 2.25, 2.5, 4.5], "texture": "#3"},
				"west": {"uv": [6, 6.75, 6.25, 9], "texture": "#3"},
				"up": {"uv": [9.25, 4.25, 6.75, 4], "texture": "#3"},
				"down": {"uv": [4.5, 7.75, 2, 8], "texture": "#3"}
			}
		},
		{
			"from": [3, 2, 4],
			"to": [4, 11, 13],
			"rotation": {"angle": 0, "axis": "y", "origin": [3, 1, 13]},
			"faces": {
				"north": {"uv": [6.25, 6.75, 6.5, 9], "texture": "#3"},
				"east": {"uv": [2.5, 0, 4.75, 2.25], "texture": "#3"},
				"south": {"uv": [4.5, 7.75, 4.75, 10], "texture": "#3"},
				"west": {"uv": [2.5, 2.25, 4.75, 4.5], "texture": "#3"},
				"up": {"uv": [5, 10, 4.75, 7.75], "texture": "#3"},
				"down": {"uv": [5.25, 7.75, 5, 10], "texture": "#3"}
			}
		},
		{
			"from": [4, 2, 12],
			"to": [13, 11, 13],
			"rotation": {"angle": 0, "axis": "y", "origin": [13, 1, 13]},
			"faces": {
				"north": {"uv": [0, 4.5, 2.25, 6.75], "texture": "#3"},
				"east": {"uv": [5.25, 7.75, 5.5, 10], "texture": "#3"},
				"south": {"uv": [2.25, 4.5, 4.5, 6.75], "texture": "#3"},
				"west": {"uv": [5.5, 7.75, 5.75, 10], "texture": "#3"},
				"up": {"uv": [4.25, 8.25, 2, 8], "texture": "#3"},
				"down": {"uv": [8.75, 8, 6.5, 8.25], "texture": "#3"}
			}
		},
		{
			"from": [12, 2, 4],
			"to": [13, 11, 12],
			"rotation": {"angle": 0, "axis": "y", "origin": [12, 1, 13]},
			"faces": {
				"north": {"uv": [4.25, 8, 4.5, 10.25], "texture": "#3"},
				"east": {"uv": [4.5, 4.5, 6.5, 6.75], "texture": "#3"},
				"south": {"uv": [2, 8.25, 2.25, 10.5], "texture": "#3"},
				"west": {"uv": [4.75, 0, 6.75, 2.25], "texture": "#3"},
				"up": {"uv": [2.5, 10.25, 2.25, 8.25], "texture": "#3"},
				"down": {"uv": [2.75, 8.25, 2.5, 10.25], "texture": "#3"}
			}
		},
		{
			"from": [4, 0, 4],
			"to": [12, 2, 12],
			"rotation": {"angle": 0, "axis": "y", "origin": [4, 0, 4]},
			"faces": {
				"north": {"uv": [6.75, 3, 8.75, 3.5], "texture": "#3"},
				"east": {"uv": [6.75, 3.5, 8.75, 4], "texture": "#3"},
				"south": {"uv": [3.75, 6.75, 5.75, 7.25], "texture": "#3"},
				"west": {"uv": [3.75, 7.25, 5.75, 7.75], "texture": "#3"},
				"up": {"uv": [6.75, 4.25, 4.75, 2.25], "texture": "#3"},
				"down": {"uv": [8.5, 4.25, 6.5, 6.25], "texture": "#3"}
			}
		},
		{
			"from": [4, 9, 3.3],
			"to": [12, 13, 10.7],
			"rotation": {"angle": 22.5, "axis": "x", "origin": [5, 8, 4.3]},
			"faces": {
				"north": {"uv": [6.75, 0, 8.75, 1], "texture": "#3"},
				"east": {"uv": [2, 6.75, 3.75, 7.75], "texture": "#3"},
				"south": {"uv": [6.75, 1, 8.75, 2], "texture": "#3"},
				"west": {"uv": [6.75, 2, 8.5, 3], "texture": "#3"},
				"up": {"uv": [8.5, 8, 6.5, 6.25], "texture": "#3"},
				"down": {"uv": [2, 6.75, 0, 8.5], "texture": "#3"}
			}
		}
	],
	"display": {
		"thirdperson_righthand": {
			"rotation": [68, 0, 0],
			"translation": [-0.05, 0.5, -1.25],
			"scale": [0.47, 0.5, 0.47]
		},
		"thirdperson_lefthand": {
			"rotation": [68, 0, 0],
			"translation": [-0.05, 0.5, -1.25],
			"scale": [0.47, 0.5, 0.47]
		},
		"firstperson_righthand": {
			"rotation": [-4, 35, 8],
			"translation": [1.25, 2.75, 0],
			"scale": [0.5, 0.5, 0.5]
		},
		"firstperson_lefthand": {
			"rotation": [-4, 35, 8],
			"translation": [1.25, 2.75, 0],
			"scale": [0.5, 0.5, 0.5]
		}
	}
}