{
  "display": {
    "thirdperson_righthand": {
      "rotation": [
        10,
        0,
        0
      ],
      "translation": [
        0,
        2.5,
        2
      ],
      "scale": [
        0.75,
        0.75,
        0.75
      ]
    },
    "firstperson_righthand": {
      "rotation": [
        0,
        -45,
        0
      ],
      "translation": [
        0,
        2,
        0
      ]
    },
    "ground": {
      "rotation": [
        30,
        0,
        0
      ],
      "translation": [
        0,
        3.5,
        0
      ],
      "scale": [
        0.5,
        0.5,
        0.5
      ]
    },
    "gui": {
      "rotation": [
        15,
        45,
        30
      ],
      "translation": [
        -1.5,
        2.75,
        0
      ],
      "scale": [
        1.3,
        1.3,
        1.3
      ]
    },
    "head": {
      "rotation": [
        -90,
        0,
        0
      ],
      "translation": [
        0,
        7.4,
        -2.5
      ]
    },
    "fixed": {
      "translation": [
        0,
        3,
        0
      ]
    }
  },
  "variable_placeholders": "",
  "name": "spyglass_in_hand",
  "visible_box": [
    1,
    1,
    0
  ],
  "meta": {
    "format_version": "4.5",
    "model_format": "java_block",
    "box_uv": false
  },
  "unhandled_root_fields": {},
  "parent": "item/template_torch",
  "__comment": "Designed by GeForceLegend",
  "resolution": {
    "width": 16,
    "height": 16
  },
  "gui_light": "front",
  "variable_placeholder_buttons": [],
  "outliner": [
    "0d6fa512-002c-7acc-94e8-f1d93f9a2b9a",
    "4ceb7068-1075-ccfb-0a8b-5d5173f4edd5"
  ],
  "front_gui_light": true,
  "elements": [
    {
      "name": "cube3",
      "from": [
        6,
        0,
        7
      ],
      "to": [
        10,
        11,
        9
      ],
      "rotation": {
        "angle": 0,
        "axis": "y",
        "origin": [
          8,
          0,
          8
        ]
      },
      "faces": {
        "north": {
          "uv": [
            6,
            5,
            10,
            16
          ],
          "texture": "#2"
        },
        "south": {
          "uv": [
            6,
            5,
            10,
            16
          ],
          "texture": "#2"
        }
      }
    },
    {
      "name": "cube1",
      "from": [
        7,
        0,
        8
      ],
      "to": [
        9,
        10,
        9
      ],
      "rotation": {
        "angle": 0,
        "axis": "y",
        "origin": [
          8,
          0,
          8
        ]
      },
      "faces": {
        "up": {
          "uv": [
            7,
            6,
            9,
            7
          ],
          "texture": "#2"
        },
        "down": {
          "uv": [
            7,
            15,
            9,
            16
          ],
          "texture": "#2"
        }
      }
    },
    {
      "name": "cube1",
      "from": [
        7,
        0,
        7
      ],
      "to": [
        9,
        10,
        8
      ],
      "rotation": {
        "angle": 0,
        "axis": "y",
        "origin": [
          8,
          0,
          8
        ]
      },
      "faces": {
        "up": {
          "uv": [
            7,
            6,
            9,
            7
          ],
          "rotation": 180,
          "texture": "#2"
        },
        "down": {
          "uv": [
            7,
            15,
            9,
            16
          ],
          "rotation": 180,
          "texture": "#2"
        }
      }
    },
    {
      "name": "cube3",
      "from": [
        7,
        0,
        6
      ],
      "to": [
        9,
        11,
        10
      ],
      "rotation": {
        "angle": 0,
        "axis": "y",
        "origin": [
          8,
          0,
          8
        ]
      },
      "faces": {
        "east": {
          "uv": [
            10,
            5,
            6,
            16
          ],
          "texture": "#2"
        },
        "west": {
          "uv": [
            10,
            5,
            6,
            16
          ],
          "texture": "#2"
        }
      }
    }
  ],
  "textures": {
    "2": "block/redstone_torch",
    "torch": "block/redstone_torch"
  },
  "credit": "Made with Blockbench"
}