{
  "display": {
    "firstperson_righthand": {
      "rotation": [
        0,
        45,
        0
      ],
      "translation": [
        0,
        0.5,
        0
      ],
      "scale": [
        0.5,
        0.5,
        0.5
      ]
    },
    "gui": {
      "rotation": [
        30,
        45,
        0
      ],
      "translation": [
        0,
        2,
        0
      ],
      "scale": [
        1.25,
        1.25,
        1.25
      ]
    },
    "fixed": {
      "rotation": [
        0,
        180,
        0
      ],
      "translation": [
        0,
        0,
        1
      ],
      "scale": [
        1.1,
        1.1,
        1.1
      ]
    },
    "thirdperson_righthand": {
      "rotation": [
        30,
        45,
        0
      ],
      "translation": [
        0,
        0.5,
        2.5
      ],
      "scale": [
        0.5,
        0.5,
        0.5
      ]
    },
    "ground": {
      "rotation": [
        0,
        0,
        0
      ],
      "translation": [
        0,
        1.5,
        0
      ],
      "scale": [
        0.4,
        0.4,
        0.4
      ]
    },
    "head": {
      "rotation": [
        0,
        180,
        0
      ],
      "scale": [
        1,
        1,
        1
      ],
      "translation": [
        0,
        9.5,
        0
      ]
    }
  },
  "elements": [
    {
      "from": [
        6,
        5,
        6
      ],
      "to": [
        10,
        11,
        10
      ],
      "faces": {
        "north": {
          "uv": [
            4,
            5,
            8,
            11
          ],
          "texture": "#1"
        },
        "east": {
          "uv": [
            12,
            5,
            16,
            11
          ],
          "texture": "#1"
        },
        "south": {
          "uv": [
            0,
            5,
            4,
            11
          ],
          "texture": "#1"
        },
        "west": {
          "uv": [
            8,
            5,
            12,
            11
          ],
          "texture": "#1"
        },
        "up": {
          "uv": [
            4,
            1,
            8,
            5
          ],
          "texture": "#1"
        },
        "down": {
          "uv": [
            8,
            1,
            12,
            5
          ],
          "texture": "#1",
          "cullface": "down"
        }
      }
    },
    {
      "from": [
        6,
        10.95,
        6
      ],
      "to": [
        10,
        10.95,
        10
      ],
      "faces": {
        "up": {
          "uv": [
            8,
            1,
            12,
            5
          ],
          "texture": "#1"
        }
      }
    }
  ],
  "textures": {
    "particle": "block/sea_pickle",
    "all": "block/sea_pickle",
    "1": "block/sea_pickle"
  },
  "__comment": "Designed by GeForceLegend",
  "credit": "Made with Blockbench"
}