{
	"credit": "Made with Blockbench",
	"textures": {
		"3": "item/shears_hand",
		"particle": "item/shears_hand"
	},
	"elements": [
		{
			"from": [8.55291, 3.1, 7.4995],
			"to": [10.55291, 7.1, 8.4995],
			"rotation": {"angle": -22.5, "axis": "z", "origin": [10.01541, 6.1, 7.9995]},
			"faces": {
				"north": {"uv": [8, 11, 6, 15], "texture": "#3"},
				"east": {"uv": [10, 12, 11, 16], "texture": "#3"},
				"south": {"uv": [6, 11, 8, 15], "texture": "#3"},
				"west": {"uv": [12, 10, 13, 14], "texture": "#3"},
				"up": {"uv": [16, 1, 14, 0], "texture": "#3"},
				"down": {"uv": [16, 1, 14, 2], "texture": "#3"}
			}
		},
		{
			"from": [5.12791, 3.9, 7.4995],
			"to": [7.15291, 7.9, 8.4995],
			"rotation": {"angle": 0, "axis": "z", "origin": [7.20291, 3.9, 7.4995]},
			"faces": {
				"north": {"uv": [6, 11, 8, 15], "texture": "#3"},
				"east": {"uv": [11, 12, 12, 16], "texture": "#3"},
				"south": {"uv": [8, 11, 6, 15], "texture": "#3"},
				"west": {"uv": [13, 10, 14, 14], "texture": "#3"},
				"up": {"uv": [16, 13, 14, 12], "texture": "#3"},
				"down": {"uv": [15, 14, 13, 15], "texture": "#3"}
			}
		},
		{
			"from": [8.55291, 3.1, 7.9995],
			"to": [12.50291, 11.1, 8.0005],
			"rotation": {"angle": -22.5, "axis": "z", "origin": [10.01541, 6.1, 7.9995]},
			"faces": {
				"north": {"uv": [4, 8, 0, 16], "texture": "#3"},
				"east": {"uv": [0, 0, 0, 8], "texture": "#3"},
				"south": {"uv": [0, 8, 4, 16], "texture": "#3"},
				"west": {"uv": [0, 0, 0, 8], "texture": "#3"},
				"up": {"uv": [4, 0, 0, 0], "texture": "#3"},
				"down": {"uv": [4, 0, 0, 0], "texture": "#3"}
			}
		},
		{
			"from": [3.20291, 3.9, 7.9995],
			"to": [7.15291, 11.9, 8.0005],
			"rotation": {"angle": 0, "axis": "z", "origin": [5.69041, 6.9, 7.9995]},
			"faces": {
				"north": {"uv": [0, 8, 4, 16], "texture": "#3"},
				"east": {"uv": [0, 0, 0, 8], "texture": "#3"},
				"south": {"uv": [4, 8, 0, 16], "texture": "#3"},
				"west": {"uv": [0, 0, 0, 8], "texture": "#3"},
				"up": {"uv": [4, 0, 0, 0], "texture": "#3"},
				"down": {"uv": [4, 0, 0, 0], "texture": "#3"}
			}
		},
		{
			"from": [5.52791, -0.025, 6.9995],
			"to": [8.52791, 2.975, 8.9995],
			"rotation": {"angle": 0, "axis": "z", "origin": [8.52791, 2.975, 6.9995]},
			"faces": {
				"north": {"uv": [4, 8, 7, 11], "texture": "#3"},
				"east": {"uv": [12, 0, 14, 3], "texture": "#3"},
				"south": {"uv": [7, 8, 10, 11], "texture": "#3"},
				"west": {"uv": [12, 3, 14, 6], "texture": "#3"},
				"up": {"uv": [15, 8, 12, 6], "texture": "#3"},
				"down": {"uv": [15, 8, 12, 10], "texture": "#3"}
			}
		},
		{
			"from": [5.12791, 1.9, 8.4995],
			"to": [6.12791, 2.9, 8.5005],
			"rotation": {"angle": 0, "axis": "y", "origin": [4.12791, 1.9, 6.4995]},
			"faces": {
				"north": {"uv": [15, 5, 16, 6], "texture": "#3"},
				"east": {"uv": [0, 0, 0, 1], "texture": "#3"},
				"south": {"uv": [6, 15, 7, 16], "texture": "#3"},
				"west": {"uv": [0, 0, 0, 1], "texture": "#3"},
				"up": {"uv": [1, 0, 0, 0], "texture": "#3"},
				"down": {"uv": [1, 0, 0, 0], "texture": "#3"}
			}
		},
		{
			"from": [5.12791, 1.9, 7.4995],
			"to": [6.12791, 1.901, 8.4995],
			"rotation": {"angle": 0, "axis": "y", "origin": [5.12791, 1.9, 6.4995]},
			"faces": {
				"north": {"uv": [0, 0, 1, 0], "texture": "#3"},
				"east": {"uv": [0, 0, 1, 0], "texture": "#3"},
				"south": {"uv": [0, 0, 1, 0], "texture": "#3"},
				"west": {"uv": [0, 0, 1, 0], "texture": "#3"},
				"up": {"uv": [16, 7, 15, 6], "texture": "#3"},
				"down": {"uv": [8, 15, 7, 16], "texture": "#3"}
			}
		},
		{
			"from": [5.12791, 1.9, 7.4995],
			"to": [6.12791, 2.9, 7.5005],
			"rotation": {"angle": 0, "axis": "y", "origin": [4.12791, 1.9, 5.4995]},
			"faces": {
				"north": {"uv": [15, 7, 16, 8], "texture": "#3"},
				"east": {"uv": [0, 0, 0, 1], "texture": "#3"},
				"south": {"uv": [8, 15, 9, 16], "texture": "#3"},
				"west": {"uv": [0, 0, 0, 1], "texture": "#3"},
				"up": {"uv": [1, 0, 0, 0], "texture": "#3"},
				"down": {"uv": [1, 0, 0, 0], "texture": "#3"}
			}
		},
		{
			"from": [5.12791, 1.9, 7.4995],
			"to": [5.12891, 3.9, 8.4995],
			"rotation": {"angle": 0, "axis": "y", "origin": [5.12791, 1.9, 6.4995]},
			"faces": {
				"north": {"uv": [0, 0, 0, 2], "texture": "#3"},
				"east": {"uv": [14, 10, 15, 12], "texture": "#3"},
				"south": {"uv": [0, 0, 0, 2], "texture": "#3"},
				"west": {"uv": [12, 14, 13, 16], "texture": "#3"},
				"up": {"uv": [0, 1, 0, 0], "texture": "#3"},
				"down": {"uv": [0, 0, 0, 1], "texture": "#3"}
			}
		},
		{
			"from": [7.82791, 1.35, 8.4995],
			"to": [8.82791, 2.35, 8.5005],
			"rotation": {"angle": -22.5, "axis": "z", "origin": [8.57766, 1.85025, 8]},
			"faces": {
				"north": {"uv": [14, 13, 15, 14], "texture": "#3"},
				"east": {"uv": [0, 0, 0, 1], "texture": "#3"},
				"south": {"uv": [15, 2, 16, 3], "texture": "#3"},
				"west": {"uv": [0, 0, 0, 1], "texture": "#3"},
				"up": {"uv": [1, 0, 0, 0], "texture": "#3"},
				"down": {"uv": [1, 0, 0, 0], "texture": "#3"}
			}
		},
		{
			"from": [7.82791, 1.35, 7.4995],
			"to": [8.82791, 1.351, 8.4995],
			"rotation": {"angle": -22.5, "axis": "z", "origin": [8.57766, 1.85025, 8]},
			"faces": {
				"north": {"uv": [0, 0, 1, 0], "texture": "#3"},
				"east": {"uv": [0, 0, 1, 0], "texture": "#3"},
				"south": {"uv": [0, 0, 1, 0], "texture": "#3"},
				"west": {"uv": [0, 0, 1, 0], "texture": "#3"},
				"up": {"uv": [16, 4, 15, 3], "texture": "#3"},
				"down": {"uv": [5, 15, 4, 16], "texture": "#3"}
			}
		},
		{
			"from": [7.82791, 1.35, 7.4995],
			"to": [8.82791, 2.35, 7.5005],
			"rotation": {"angle": -22.5, "axis": "z", "origin": [8.57766, 1.85025, 8]},
			"faces": {
				"north": {"uv": [15, 4, 16, 5], "texture": "#3"},
				"east": {"uv": [0, 0, 0, 1], "texture": "#3"},
				"south": {"uv": [5, 15, 6, 16], "texture": "#3"},
				"west": {"uv": [0, 0, 0, 1], "texture": "#3"},
				"up": {"uv": [1, 0, 0, 0], "texture": "#3"},
				"down": {"uv": [1, 0, 0, 0], "texture": "#3"}
			}
		},
		{
			"from": [8.82691, 1.35, 7.4995],
			"to": [8.82791, 3.35, 8.4995],
			"rotation": {"angle": -22.5, "axis": "z", "origin": [8.57766, 1.85025, 8]},
			"faces": {
				"north": {"uv": [0, 0, 0, 2], "texture": "#3"},
				"east": {"uv": [14, 2, 15, 4], "texture": "#3"},
				"south": {"uv": [0, 0, 0, 2], "texture": "#3"},
				"west": {"uv": [14, 4, 15, 6], "texture": "#3"},
				"up": {"uv": [0, 1, 0, 0], "texture": "#3"},
				"down": {"uv": [0, 0, 0, 1], "texture": "#3"}
			}
		}
	],
	"display": {
		"thirdperson_righthand": {
			"rotation": [0, 126, 0],
			"translation": [-1.25, 4.75, 0],
			"scale": [0.73, 0.73, 0.73]
		},
		"thirdperson_lefthand": {
			"rotation": [0, 126, 0],
			"translation": [-0.5, 4.75, 0.75],
			"scale": [0.73, 0.73, 0.73]
		},
		"firstperson_righthand": {
			"rotation": [-18, -18, 16],
			"translation": [1.5, 5.25, -2.25],
			"scale": [0.91, 0.91, 0.91]
		},
		"firstperson_lefthand": {
			"rotation": [-19.24, -32.56, -2.49],
			"translation": [1.5, 5.25, -2.25],
			"scale": [0.91, 0.91, 0.91]
		}
	},
	"groups": [
		0,
		1,
		2,
		3,
		4,
		{
			"name": "group",
			"origin": [1.00291, 0, 9.9995],
			"color": 0,
			"children": [
				5,
				6,
				7,
				8,
				{
					"name": "group",
					"origin": [1.00291, 0, 9.9995],
					"color": 0,
					"children": [9, 10, 11, 12]
				}
			]
		}
	]
}