{
	"__comment":"Designed by GeForceLegend",
	"parent":"item/display_handheld",
	"textures":{
		"particle":"#shovel"
	},
	"elements":[
		{
			"from":[2,2,7],
			"to":[3,3,9],
			"faces":{
				"north":{"uv":[2,13,3,14],"texture":"#shovel"},
				"south":{"uv":[2,13,3,14],"texture":"#shovel"},
				"west":{"uv":[2,13,3,14],"texture":"#shovel"},
				"up":{"uv":[2,13,3,14],"texture":"#shovel"},
				"down":{"uv":[2,13,3,14],"texture":"#shovel"}
			}
		},
		{
			"from":[4,2,7],
			"to":[5,3,9],
			"faces":{
				"north":{"uv":[4,13,5,14],"texture":"#shovel"},
				"east":{"uv":[4,13,5,14],"texture":"#shovel"},
				"south":{"uv":[4,13,5,14],"texture":"#shovel"},
				"up":{"uv":[4,13,5,14],"texture":"#shovel"},
				"down":{"uv":[4,13,5,14],"texture":"#shovel"}
			}
		},
		{
			"from":[3,1,7],
			"to":[4,4,9],
			"faces":{
				"north":{"uv":[3,12,4,15],"texture":"#shovel"},
				"east":{"uv":[3,12,4,15],"texture":"#shovel"},
				"south":{"uv":[3,12,4,15],"texture":"#shovel"},
				"west":{"uv":[3,12,4,15],"texture":"#shovel"},
				"up":{"uv":[3,12,4,13],"texture":"#shovel"},
				"down":{"uv":[3,14,4,15],"texture":"#shovel"}
			}
		},
		{
			"from":[4,1,7.5],
			"to":[5,2,8.5],
			"faces":{
				"north":{"uv":[4,14,5,15],"texture":"#shovel"},
				"east":{"uv":[4,14,5,15],"texture":"#shovel"},
				"south":{"uv":[4,14,5,15],"texture":"#shovel"},
				"down":{"uv":[4,14,5,15],"texture":"#shovel"}
			}
		},
		{
			"from":[2,3,7.5],
			"to":[3,4,8.5],
			"faces":{
				"north":{"uv":[2,12,3,13],"texture":"#shovel"},
				"south":{"uv":[2,12,3,13],"texture":"#shovel"},
				"west":{"uv":[2,12,3,13],"texture":"#shovel"},
				"up":{"uv":[2,12,3,13],"texture":"#shovel"}
			}
		},
		{
			"from":[4,3,7.5],
			"to":[6,5,8.5],
			"faces":{
				"north":{"uv":[6,11,4,13],"texture":"#shovel"},
				"east":{"uv":[5,11,6,13],"texture":"#shovel"},
				"south":{"uv":[4,11,6,13],"texture":"#shovel"},
				"west":{"uv":[4,11,5,13],"texture":"#shovel"},
				"up":{"uv":[4,11,6,12],"texture":"#shovel"},
				"down":{"uv":[4,12,6,13],"texture":"#shovel"}
			}
		},
		{
			"from":[5,5,7.5],
			"to":[6,6,8.5],
			"faces":{
				"north":{"uv":[5,10,6,11],"texture":"#shovel"},
				"south":{"uv":[5,10,6,11],"texture":"#shovel"},
				"west":{"uv":[5,10,6,11],"texture":"#shovel"},
				"up":{"uv":[5,10,6,11],"texture":"#shovel"}
			}
		},
		{
			"from":[6,4,7.5],
			"to":[7,7,8.5],
			"faces":{
				"north":{"uv":[6,9,7,12],"texture":"#shovel"},
				"east":{"uv":[6,9,7,12],"texture":"#shovel"},
				"south":{"uv":[6,9,7,12],"texture":"#shovel"},
				"west":{"uv":[6,9,7,12],"texture":"#shovel"},
				"up":{"uv":[6,9,7,10],"texture":"#shovel"},
				"down":{"uv":[6,11,7,12],"texture":"#shovel"}
			}
		},
		{
			"from":[7,5,7.5],
			"to":[8,8,8.5],
			"faces":{
				"north":{"uv":[7,8,8,11],"texture":"#shovel"},
				"east":{"uv":[7,8,8,11],"texture":"#shovel"},
				"south":{"uv":[7,8,8,11],"texture":"#shovel"},
				"west":{"uv":[7,8,8,11],"texture":"#shovel"},
				"up":{"uv":[7,8,8,9],"texture":"#shovel"},
				"down":{"uv":[7,10,8,11],"texture":"#shovel"}
			}
		},
		{
			"from":[8,6,7.5],
			"to":[9,9,8.5],
			"faces":{
				"north":{"uv":[8,7,9,10],"texture":"#shovel"},
				"east":{"uv":[8,7,9,10],"texture":"#shovel"},
				"south":{"uv":[8,7,9,10],"texture":"#shovel"},
				"west":{"uv":[8,7,9,10],"texture":"#shovel"},
				"up":{"uv":[8,7,9,8],"texture":"#shovel"},
				"down":{"uv":[8,9,9,10],"texture":"#shovel"}
			}
		},
		{
			"from":[10,7.99,7.5],
			"to":[11,9,8.5],
			"faces":{
				"north":{"uv":[10,7,11,8],"texture":"#shovel"},
				"east":{"uv":[10,7,11,8],"texture":"#shovel"},
				"south":{"uv":[10,7,11,8],"texture":"#shovel"},
				"down":{"uv":[10,7,11,8],"texture":"#shovel"}
			}
		},
		{
			"from":[8.99,7,7.5],
			"to":[10,10,8.5],
			"faces":{
				"north":{"uv":[9,6,10,9],"texture":"#shovel"},
				"east":{"uv":[9,6,10,9],"texture":"#shovel"},
				"south":{"uv":[9,6,10,9],"texture":"#shovel"},
				"west":{"uv":[9,6,10,9],"texture":"#shovel"},
				"up":{"uv":[9,6,10,7],"texture":"#shovel"},
				"down":{"uv":[9,8,10,9],"texture":"#shovel"}
			}
		},
		{
			"from":[10,9,7.3],
			"to":[11,10,8.7],
			"faces":{
				"north":{"uv":[10,6,11,7],"texture":"#shovel"},
				"east":{"uv":[10,6,11,7],"texture":"#shovel"},
				"south":{"uv":[10,6,11,7],"texture":"#shovel"},
				"west":{"uv":[10,6,11,7],"texture":"#shovel"},
				"up":{"uv":[10,6,11,7],"texture":"#shovel"},
				"down":{"uv":[10,6,11,7],"texture":"#shovel"}
			}
		},
		{
			"from":[9,8,7.7],
			"to":[12,11,8.3],
			"faces":{
				"north":{"uv":[12,5,9,8],"texture":"#shovel"},
				"east":{"uv":[11,5,12,8],"texture":"#shovel"},
				"south":{"uv":[9,5,12,8],"texture":"#shovel"},
				"west":{"uv":[9,5,10,8],"texture":"#shovel"},
				"up":{"uv":[9,5,12,6],"texture":"#shovel"},
				"down":{"uv":[9,7,12,8],"texture":"#shovel"}
			}
		},
		{
			"from":[10,9,7.7],
			"to":[13,12,8.3],
			"faces":{
				"north":{"uv":[13,4,10,7],"texture":"#shovel"},
				"east":{"uv":[12,4,13,7],"texture":"#shovel"},
				"south":{"uv":[10,4,13,7],"texture":"#shovel"},
				"west":{"uv":[10,4,11,7],"texture":"#shovel"},
				"up":{"uv":[10,4,13,5],"texture":"#shovel"},
				"down":{"uv":[10,6,13,7],"texture":"#shovel"}
			}
		},
		{
			"from":[10,9,7.5],
			"to":[12,11,8.5],
			"faces":{
				"north":{"uv":[12,5,10,7],"texture":"#shovel"},
				"east":{"uv":[11,5,12,7],"texture":"#shovel"},
				"south":{"uv":[10,5,12,7],"texture":"#shovel"},
				"west":{"uv":[10,5,11,7],"texture":"#shovel"},
				"up":{"uv":[10,5,12,6],"texture":"#shovel"},
				"down":{"uv":[10,6,12,7],"texture":"#shovel"}
			}
		},
		{
			"from":[9,8,7.9],
			"to":[13,12,8.1],
			"faces":{
				"north":{"uv":[13,4,9,8],"texture":"#shovel"},
				"east":{"uv":[12,4,13,8],"texture":"#shovel"},
				"south":{"uv":[9,4,13,8],"texture":"#shovel"},
				"west":{"uv":[9,4,10,8],"texture":"#shovel"},
				"up":{"uv":[9,4,13,5],"texture":"#shovel"},
				"down":{"uv":[9,7,13,8],"texture":"#shovel"}
			}
		},
		{
			"from":[10,9,7.9],
			"to":[14,13,8.1],
			"faces":{
				"north":{"uv":[14,3,10,7],"texture":"#shovel"},
				"east":{"uv":[13,3,14,7],"texture":"#shovel"},
				"south":{"uv":[10,3,14,7],"texture":"#shovel"},
				"west":{"uv":[10,3,11,7],"texture":"#shovel"},
				"up":{"uv":[10,3,14,4],"texture":"#shovel"},
				"down":{"uv":[10,6,14,7],"texture":"#shovel"}
			}
		},
		{
			"from":[11,13,7.9],
			"to":[14,14,8.1],
			"faces":{
				"north":{"uv":[14,2,11,3],"texture":"#shovel"},
				"east":{"uv":[13,2,14,3],"texture":"#shovel"},
				"south":{"uv":[11,2,14,3],"texture":"#shovel"},
				"west":{"uv":[11,2,12,3],"texture":"#shovel"},
				"up":{"uv":[11,2,14,3],"texture":"#shovel"}
			}
		},
		{
			"from":[14,10,7.9],
			"to":[15,13,8.1],
			"faces":{
				"north":{"uv":[14,3,15,6],"texture":"#shovel"},
				"east":{"uv":[14,3,15,6],"texture":"#shovel"},
				"south":{"uv":[14,3,15,6],"texture":"#shovel"},
				"up":{"uv":[14,3,15,4],"texture":"#shovel"},
				"down":{"uv":[14,5,15,6],"texture":"#shovel"}
			}
		},
		{
			"from":[11,7,7.9],
			"to":[12,8,8.1],
			"faces":{
				"north":{"uv":[11,8,12,9],"texture":"#shovel"},
				"east":{"uv":[11,8,12,9],"texture":"#shovel"},
				"south":{"uv":[11,8,12,9],"texture":"#shovel"},
				"west":{"uv":[11,8,12,9],"texture":"#shovel"},
				"down":{"uv":[11,8,12,9],"texture":"#shovel"}
			}
		},
		{
			"from":[8,10,7.9],
			"to":[9,11,8.1],
			"faces":{
				"north":{"uv":[8,5,9,6],"texture":"#shovel"},
				"south":{"uv":[8,5,9,6],"texture":"#shovel"},
				"west":{"uv":[8,5,9,6],"texture":"#shovel"},
				"up":{"uv":[8,5,9,6],"texture":"#shovel"},
				"down":{"uv":[8,5,9,6],"texture":"#shovel"}
			}
		}
	]
}