{
	"credit": "Made with Blockbench",
	"textures": {
		"1": "block/sniffer_egg_not_cracked_bottom",
		"2": "block/sniffer_egg_not_cracked_east",
		"3": "block/sniffer_egg_not_cracked_north",
		"4": "block/sniffer_egg_not_cracked_south",
		"5": "block/sniffer_egg_not_cracked_top",
		"6": "block/sniffer_egg_not_cracked_west",
		"particle": "block/sniffer_egg_not_cracked_bottom"
	},
	"elements": [
		{
			"from": [1, 0, 2],
			"to": [15, 16, 14],
			"faces": {
				"north": {"uv": [0, 0, 14, 16], "texture": "#3"},
				"east": {"uv": [0, 0, 12, 16], "texture": "#2"},
				"south": {"uv": [0, 0, 14, 16], "texture": "#4"},
				"west": {"uv": [0, 0, 12, 16], "texture": "#6"},
				"up": {"uv": [0, 0, 14, 12], "texture": "#5", "cullface": "up"},
				"down": {"uv": [0, 0, 14, 12], "texture": "#1", "cullface": "down"}
			}
		}
	],
	"display": {
		"thirdperson_righthand": {
			"rotation": [75, 45, 0],
			"translation": [0, 2, 0],
			"scale": [0.35, 0.35, 0.35]
		},
		"firstperson_righthand": {
			"rotation": [0, -45, 0],
			"translation": [0, -0.5, 0],
			"scale": [0.45, 0.45, 0.45]
		},
		"ground": {
			"translation": [0, 3.25, 0],
			"scale": [0.3, 0.3, 0.3]
		},
		"gui": {
			"rotation": [30, 45, 0],
			"scale": [0.55, 0.55, 0.55]
		},
		"head": {
			"translation": [0, 10.25, 0],
			"scale": [0.5, 0.5, 0.5]
		},
		"fixed": {
			"scale": [0.65, 0.65, 0.65]
		}
	}
}