{
  "display": {
    "firstperson_righthand": {
      "rotation": [
        0,
        45,
        0
      ],
      "scale": [
        0.45,
        0.45,
        0.45
      ]
    },
    "thirdperson_righthand": {
      "rotation": [
        75,
        45,
        0
      ],
      "translation": [
        0,
        1,
        0.5
      ],
      "scale": [
        0.25,
        0.25,
        0.25
      ]
    },
    "ground": {
      "translation": [
        0,
        2,
        0
      ],
      "scale": [
        0.3,
        0.3,
        0.3
      ]
    },
    "head": {
      "translation": [
        0,
        8.75,
        0
      ]
    },
    "gui": {
      "rotation": [
        30,
        45,
        0
      ],
      "translation": [
        0,
        -1.5,
        0
      ],
      "scale": [
        0.6,
        0.6,
        0.6
      ]
    },
    "fixed": {
      "translation": [
        0,
        -2,
        1
      ],
      "scale": [
        0.65,
        0.65,
        0.65
      ]
    }
  },
  "variable_placeholders": "",
  "name": "spyglass_in_hand",
  "visible_box": [
    1,
    1,
    0
  ],
  "meta": {
    "format_version": "4.5",
    "model_format": "java_block",
    "box_uv": false
  },
  "unhandled_root_fields": {},
  "parent": "block/soul_campfire",
  "__comment": "Designed by GeForceLegend",
  "resolution": {
    "width": 16,
    "height": 16
  },
  "gui_light": "front",
  "variable_placeholder_buttons": [],
  "outliner": [
    "0d6fa512-002c-7acc-94e8-f1d93f9a2b9a",
    "4ceb7068-1075-ccfb-0a8b-5d5173f4edd5"
  ],
  "front_gui_light": true,
  "elements": [
    {
      "from": [
        1,
        5.5,
        0
      ],
      "to": [
        5,
        9.5,
        16
      ],
      "rotation": {
        "angle": 0,
        "axis": "y",
        "origin": [
          0,
          5.5,
          0
        ]
      },
      "faces": {
        "north": {
          "uv": [
            0,
            4,
            4,
            8
          ],
          "texture": "#3",
          "cullface": "north"
        },
        "east": {
          "uv": [
            0,
            1,
            16,
            5
          ],
          "texture": "#1"
        },
        "south": {
          "uv": [
            0,
            4,
            4,
            8
          ],
          "texture": "#3",
          "cullface": "south"
        },
        "west": {
          "uv": [
            16,
            0,
            0,
            4
          ],
          "texture": "#3"
        },
        "up": {
          "uv": [
            0,
            4,
            16,
            0
          ],
          "rotation": 90,
          "texture": "#1"
        },
        "down": {
          "uv": [
            0,
            0,
            16,
            4
          ],
          "rotation": 90,
          "texture": "#3",
          "cullface": "down"
        }
      }
    },
    {
      "from": [
        0,
        8.5,
        11
      ],
      "to": [
        16,
        12.5,
        15
      ],
      "rotation": {
        "angle": 0,
        "axis": "y",
        "origin": [
          0,
          5.5,
          0
        ]
      },
      "faces": {
        "north": {
          "uv": [
            16,
            0,
            0,
            4
          ],
          "texture": "#1"
        },
        "east": {
          "uv": [
            0,
            4,
            4,
            8
          ],
          "texture": "#3",
          "cullface": "east"
        },
        "south": {
          "uv": [
            0,
            0,
            16,
            4
          ],
          "texture": "#1"
        },
        "west": {
          "uv": [
            0,
            4,
            4,
            8
          ],
          "texture": "#3",
          "cullface": "west"
        },
        "up": {
          "uv": [
            0,
            0,
            16,
            4
          ],
          "rotation": 180,
          "texture": "#1"
        },
        "down": {
          "uv": [
            0,
            4,
            16,
            8
          ],
          "texture": "#1"
        }
      }
    },
    {
      "from": [
        11,
        5.5,
        0
      ],
      "to": [
        15,
        9.5,
        16
      ],
      "rotation": {
        "angle": 0,
        "axis": "y",
        "origin": [
          0,
          5.5,
          0
        ]
      },
      "faces": {
        "north": {
          "uv": [
            0,
            4,
            4,
            8
          ],
          "texture": "#3",
          "cullface": "north"
        },
        "east": {
          "uv": [
            0,
            0,
            16,
            4
          ],
          "texture": "#3"
        },
        "south": {
          "uv": [
            0,
            4,
            4,
            8
          ],
          "texture": "#3",
          "cullface": "south"
        },
        "west": {
          "uv": [
            16,
            1,
            0,
            5
          ],
          "texture": "#1"
        },
        "up": {
          "uv": [
            0,
            0,
            16,
            4
          ],
          "rotation": 90,
          "texture": "#1"
        },
        "down": {
          "uv": [
            0,
            0,
            16,
            4
          ],
          "rotation": 90,
          "texture": "#3",
          "cullface": "down"
        }
      }
    },
    {
      "from": [
        0,
        8.5,
        1
      ],
      "to": [
        16,
        12.5,
        5
      ],
      "rotation": {
        "angle": 0,
        "axis": "y",
        "origin": [
          0,
          5.5,
          0
        ]
      },
      "faces": {
        "north": {
          "uv": [
            0,
            0,
            16,
            4
          ],
          "texture": "#1"
        },
        "east": {
          "uv": [
            0,
            4,
            4,
            8
          ],
          "texture": "#3",
          "cullface": "east"
        },
        "south": {
          "uv": [
            16,
            0,
            0,
            4
          ],
          "texture": "#1"
        },
        "west": {
          "uv": [
            0,
            4,
            4,
            8
          ],
          "texture": "#3",
          "cullface": "west"
        },
        "up": {
          "uv": [
            0,
            4,
            16,
            0
          ],
          "rotation": 180,
          "texture": "#1"
        },
        "down": {
          "uv": [
            0,
            4,
            16,
            8
          ],
          "texture": "#1"
        }
      }
    },
    {
      "from": [
        5,
        5.5,
        0
      ],
      "to": [
        11,
        6.5,
        16
      ],
      "rotation": {
        "angle": 0,
        "axis": "y",
        "origin": [
          0,
          5.5,
          0
        ]
      },
      "faces": {
        "north": {
          "uv": [
            0,
            15,
            6,
            16
          ],
          "texture": "#3",
          "cullface": "north"
        },
        "south": {
          "uv": [
            10,
            15,
            16,
            16
          ],
          "texture": "#3",
          "cullface": "south"
        },
        "up": {
          "uv": [
            0,
            8,
            16,
            14
          ],
          "rotation": 90,
          "texture": "#1"
        },
        "down": {
          "uv": [
            0,
            8,
            16,
            14
          ],
          "rotation": 90,
          "texture": "#3",
          "cullface": "down"
        }
      }
    },
    {
      "from": [
        0.8,
        6.5,
        8
      ],
      "to": [
        15.2,
        22.5,
        8
      ],
      "shade": false,
      "rotation": {
        "angle": 45,
        "axis": "y",
        "origin": [
          8,
          13.5,
          8
        ],
        "rescale": true
      },
      "faces": {
        "north": {
          "uv": [
            0,
            0,
            16,
            16
          ],
          "texture": "#2"
        },
        "south": {
          "uv": [
            0,
            0,
            16,
            16
          ],
          "texture": "#2"
        }
      }
    },
    {
      "from": [
        8,
        6.5,
        0.8
      ],
      "to": [
        8,
        22.5,
        15.2
      ],
      "shade": false,
      "rotation": {
        "angle": 45,
        "axis": "y",
        "origin": [
          8,
          13.5,
          8
        ],
        "rescale": true
      },
      "faces": {
        "east": {
          "uv": [
            0,
            0,
            16,
            16
          ],
          "texture": "#2"
        },
        "west": {
          "uv": [
            0,
            0,
            16,
            16
          ],
          "texture": "#2"
        }
      }
    }
  ],
  "textures": {
    "1": "block/soul_campfire_log_lit",
    "2": "block/soul_campfire_fire",
    "3": "block/campfire_log"
  },
  "credit": "Made with Blockbench"
}