{
	"__comment":"Designed by GeForceLegend",
	"textures":{
		"bottle2":"item/potion_splash",
		"bottle":"item/potion",
		"particle":"item/splash_potion"
	},
	"elements":[
		{
			"from":[4,1,4],
			"to":[12,9,12],
			"faces":{
				"north":{"uv":[0,0,10,10],"texture":"#bottle"},
				"east":{"uv":[0,0,10,10],"texture":"#bottle"},
				"south":{"uv":[0,0,10,10],"texture":"#bottle"},
				"west":{"uv":[0,0,10,10],"texture":"#bottle"},
				"up":{"uv":[0,0,10,10],"texture":"#bottle"},
				"down":{"uv":[0,0,10,10],"texture":"#bottle"}
			}
		},
		{
			"from":[4.01,8.99,4.01],
			"to":[11.99,1.01,11.99],
			"faces":{
				"north":{"uv":[0,10,10,0],"texture":"#bottle"},
				"east":{"uv":[0,10,10,0],"texture":"#bottle"},
				"south":{"uv":[0,10,10,0],"texture":"#bottle"},
				"west":{"uv":[0,10,10,0],"texture":"#bottle"},
				"up":{"uv":[0,0,10,10],"texture":"#bottle"},
				"down":{"uv":[0,0,10,10],"texture":"#bottle"}
			}
		},
		{
			"from":[4.6,1.6,4.6],
			"to":[11.4,6.8,11.4],
			"faces":{
				"north":{"uv":[10,5,16,10],"texture":"#bottle","tintindex":0},
				"east":{"uv":[10,5,16,10],"texture":"#bottle","tintindex":0},
				"south":{"uv":[10,5,16,10],"texture":"#bottle","tintindex":0},
				"west":{"uv":[10,5,16,10],"texture":"#bottle","tintindex":0},
				"up":{"uv":[10,0,16,6],"texture":"#bottle","tintindex":0},
				"down":{"uv":[10,9,16,10],"texture":"#bottle","tintindex":0}
			}
		},
		{
			"from":[9.8,9,6],
			"to":[11.8,11,10],
			"faces":{
				"north":{"uv":[6,0,3,3],"texture":"#bottle2"},
				"east":{"uv":[6,10,12,13],"texture":"#bottle"},
				"south":{"uv":[3,0,0,3],"texture":"#bottle2"}
			}
		},
		{
			"from":[9.81,11,6.01],
			"to":[11.79,9.01,9.99],
			"faces":{
				"north":{"uv":[6,3,3,0],"texture":"#bottle2"},
				"east":{"uv":[6,13,12,10],"texture":"#bottle"},
				"south":{"uv":[3,3,0,0],"texture":"#bottle2"}
			}
		},
		{
			"from":[9.8,11,6],
			"to":[11.8,15,10],
			"rotation":{"angle":45,"axis":"z","origin":[11.8,11,8]},
			"faces":{
				"north":{"uv":[6,0,3,6],"texture":"#bottle2"},
				"east":{"uv":[6,10,12,16],"texture":"#bottle"},
				"south":{"uv":[3,0,0,4],"texture":"#bottle2"}
			}
		},
		{
			"from":[9.81,15,6.01],
			"to":[11.79,11.01,9.99],
			"rotation":{"angle":45,"axis":"z","origin":[11.8,11,8]},
			"faces":{
				"north":{"uv":[6,6,3,0],"texture":"#bottle2"},
				"east":{"uv":[6,16,12,10],"texture":"#bottle"},
				"south":{"uv":[3,4,0,0],"texture":"#bottle2"}
			}
		},
		{
			"from":[2.07157,11.82843,6],
			"to":[8.97157,13.82843,10],
			"rotation":{"angle":45,"axis":"z","origin":[8.97157,13.82843,8]},
			"faces":{
				"north":{"uv":[6,16,3,6],"rotation":90,"texture":"#bottle2"},
				"south":{"uv":[0,6,3,16],"rotation":90,"texture":"#bottle2"},
				"up":{"uv":[16,0,10,10],"rotation":90,"texture":"#bottle2"}
			}
		},
		{
			"from":[8.96,11.84,6.01],
			"to":[2.08,13.82,9.99],
			"rotation":{"angle":45,"axis":"z","origin":[8.97157,13.82843,8]},
			"faces":{
				"north":{"uv":[6,16,3,6],"rotation":90,"texture":"#bottle2"},
				"south":{"uv":[0,16,3,6],"rotation":90,"texture":"#bottle2"},
				"up":{"uv":[16,10,10,0],"rotation":90,"texture":"#bottle2"}
			}
		},
		{
			"from":[11.8,11,6],
			"to":[13.8,15,10],
			"rotation":{"angle":45,"axis":"z","origin":[11.8,11,8]},
			"faces":{
				"north":{"uv":[12,12,14,16],"texture":"#bottle"},
				"east":{"uv":[16,12,12,16],"texture":"#bottle"},
				"south":{"uv":[12,12,14,16],"texture":"#bottle"},
				"west":{"uv":[16,12,12,16],"texture":"#bottle"},
				"up":{"uv":[13,12,15,16],"texture":"#bottle"},
				"down":{"uv":[13,12,15,16],"texture":"#bottle"}
			}
		},
		{
			"from":[9.8,12,7],
			"to":[11.8,14,9],
			"rotation":{"angle":45,"axis":"z","origin":[11.8,11,8]},
			"faces":{
				"north":{"uv":[13,12,15,14],"texture":"#bottle"},
				"south":{"uv":[13,12,15,14],"texture":"#bottle"},
				"west":{"uv":[13,13,15,15],"texture":"#bottle"},
				"up":{"uv":[13,13,15,15],"texture":"#bottle"},
				"down":{"uv":[13,13,15,15],"texture":"#bottle"}
			}
		}
	],
	"display":{
		"thirdperson_righthand":{
			"translation":[0,-0.5,0],
			"scale":[0.4,0.4,0.4]
		},
		"firstperson_righthand":{
			"rotation":[-10,-85,0],
			"translation":[0,3,2],
			"scale":[0.35,0.35,0.35]
		},
		"ground":{
			"translation":[0,3,0],
			"scale":[0.4,0.4,0.4]
		},
		"gui":{
			"rotation":[30,-45,0],
			"translation":[0,0.5,0],
			"scale":[0.9,0.9,0.9]
		},
		"fixed":{
			"rotation":[0,180,0],
			"translation":[0,1,-1.9],
			"scale":[0.75,0.75,0.75]
		}
	}
}