{
	"__comment":"Designed by GeForceLegend",
	"gui_light":"front",
	"textures":{
		"spyglass":"item/spyglass_model",
		"particle":"item/spyglass"
	},
	"elements":[
		{
			"from":[7,2.5,7],
			"to":[9,13.4,9],
			"faces":{
				"up":{"uv":[0,15,2,13],"texture":"#spyglass"},
				"down":{"uv":[0,13,2,15],"texture":"#spyglass"}
			}
		},
		{
			"from":[8.8,8.5,7],
			"to":[9,13.5,9],
			"faces":{
				"east":{"uv":[0,2,2,7],"texture":"#spyglass"},
				"west":{"uv":[1,5,2,7],"rotation":270,"texture":"#spyglass"},
				"up":{"uv":[1,5,2,7],"texture":"#spyglass"}
			}
		},
		{
			"from":[7,8.5,8.8],
			"to":[9,13.5,9],
			"faces":{
				"north":{"uv":[2,6,0,7],"texture":"#spyglass"},
				"south":{"uv":[0,2,2,7],"texture":"#spyglass"},
				"up":{"uv":[0,6,2,7],"texture":"#spyglass"}
			}
		},
		{
			"from":[7,8.5,7],
			"to":[7.2,13.5,9],
			"faces":{
				"east":{"uv":[0,5,1,7],"rotation":90,"texture":"#spyglass"},
				"west":{"uv":[0,2,2,7],"texture":"#spyglass"},
				"up":{"uv":[0,5,1,7],"texture":"#spyglass"}
			}
		},
		{
			"from":[7,8.5,7],
			"to":[9,13.5,7.2],
			"faces":{
				"north":{"uv":[0,2,2,7],"texture":"#spyglass"},
				"south":{"uv":[0,5,2,6],"texture":"#spyglass"},
				"up":{"uv":[0,5,2,6],"texture":"#spyglass"}
			}
		},
		{
			"from":[6.9,2.4,6.9],
			"to":[7.1,8.6,9.1],
			"faces":{
				"east":{"uv":[0,7,2,13],"texture":"#spyglass"},
				"west":{"uv":[0,7,2,13],"texture":"#spyglass"},
				"up":{"uv":[0,5,1,7],"texture":"#spyglass"},
				"down":{"uv":[0,12,1,13],"texture":"#spyglass"}
			}
		},
		{
			"from":[6.9,2.4,8.9],
			"to":[9.1,8.6,9.1],
			"faces":{
				"north":{"uv":[0,7,2,13],"texture":"#spyglass"},
				"south":{"uv":[0,7,2,13],"texture":"#spyglass"},
				"up":{"uv":[0,6,2,7],"texture":"#spyglass"},
				"down":{"uv":[0,12,1,13],"texture":"#spyglass"}
			}
		},
		{
			"from":[8.9,2.4,6.9],
			"to":[9.1,8.6,9.1],
			"faces":{
				"east":{"uv":[0,7,2,13],"texture":"#spyglass"},
				"west":{"uv":[0,7,2,13],"texture":"#spyglass"},
				"up":{"uv":[1,5,2,7],"texture":"#spyglass"},
				"down":{"uv":[0,12,1,13],"texture":"#spyglass"}
			}
		},
		{
			"from":[6.9,2.4,6.9],
			"to":[9.1,8.6,7.1],
			"faces":{
				"north":{"uv":[0,7,2,13],"texture":"#spyglass"},
				"south":{"uv":[0,7,2,13],"texture":"#spyglass"},
				"up":{"uv":[0,5,2,6],"texture":"#spyglass"},
				"down":{"uv":[0,12,1,13],"texture":"#spyglass"}
			}
		}
	],
	"display":{
		"thirdperson_righthand":{
			"translation":[0,-2,0]
		},
		"ground":{
			"rotation":[90,0,0]
		},
		"gui":{
			"rotation":[-67.5,0,45],
			"scale":[1.5,1.5,1.5]
		},
		"head":{
			"rotation":[90,0,0],
			"translation":[0,0,-16],
			"scale":[1.6,1.6,1.6]
		},
		"fixed":{
			"translation":[0,0,-1.5],
			"scale":[1.5,1.5,1.5]
		}
	}
}