{
	"__comment":"Designed by GeForceLegend",
	"parent":"item/display_handheld",
	"textures":{
		"particle":"#sword"
	},
	"elements":[
		{
			"from":[0,0,7.5],
			"to":[3,3,8.5],
			"faces":{
				"north":{"uv":[3,13,0,16],"texture":"#sword"},
				"east":{"uv":[2,13,3,16],"texture":"#sword"},
				"south":{"uv":[0,13,3,16],"texture":"#sword"},
				"west":{"uv":[0,13,1,16],"texture":"#sword"},
				"up":{"uv":[0,13,3,14],"texture":"#sword"},
				"down":{"uv":[0,15,3,16],"texture":"#sword"}
			}
		},
		{
			"from":[0.01,1,7],
			"to":[1,2,9],
			"faces":{
				"north":{"uv":[0,14,1,15],"texture":"#sword"},
				"south":{"uv":[0,14,1,15],"texture":"#sword"},
				"west":{"uv":[0,14,1,15],"texture":"#sword"},
				"up":{"uv":[0,14,1,15],"texture":"#sword"},
				"down":{"uv":[0,14,1,15],"texture":"#sword"}
			}
		},
		{
			"from":[2,1,7],
			"to":[2.99,2,9],
			"faces":{
				"north":{"uv":[2,14,3,15],"texture":"#sword"},
				"east":{"uv":[2,14,3,15],"texture":"#sword"},
				"south":{"uv":[2,14,3,15],"texture":"#sword"},
				"up":{"uv":[2,14,3,15],"texture":"#sword"},
				"down":{"uv":[2,14,3,15],"texture":"#sword"}
			}
		},
		{
			"from":[1,0.01,7],
			"to":[2,2.99,9],
			"faces":{
				"north":{"uv":[1,13,2,16],"texture":"#sword"},
				"east":{"uv":[1,13,2,16],"texture":"#sword"},
				"south":{"uv":[1,13,2,16],"texture":"#sword"},
				"west":{"uv":[1,13,2,16],"texture":"#sword"},
				"up":{"uv":[1,13,2,14],"texture":"#sword"},
				"down":{"uv":[1,15,2,16],"texture":"#sword"}
			}
		},
		{
			"from":[2,3,7.5],
			"to":[3,4,8.5],
			"faces":{
				"north":{"uv":[2,12,3,13],"texture":"#sword"},
				"south":{"uv":[2,12,3,13],"texture":"#sword"},
				"west":{"uv":[2,12,3,13],"texture":"#sword"},
				"up":{"uv":[2,12,3,13],"texture":"#sword"}
			}
		},
		{
			"from":[3,2,7.5],
			"to":[4,3,8.5],
			"faces":{
				"north":{"uv":[3,13,4,14],"texture":"#sword"},
				"east":{"uv":[3,13,4,14],"texture":"#sword"},
				"south":{"uv":[3,13,4,14],"texture":"#sword"},
				"down":{"uv":[3,13,4,14],"texture":"#sword"}
			}
		},
		{
			"from":[3,3,7.5],
			"to":[5,5,8.5],
			"faces":{
				"north":{"uv":[5,11,3,13],"texture":"#sword"},
				"east":{"uv":[4,11,5,13],"texture":"#sword"},
				"south":{"uv":[3,11,5,13],"texture":"#sword"},
				"west":{"uv":[3,11,4,13],"texture":"#sword"},
				"up":{"uv":[3,11,5,12],"texture":"#sword"},
				"down":{"uv":[3,12,5,13],"texture":"#sword"}
			}
		},
		{
			"from":[4,5,7.2],
			"to":[6,8,8.8],
			"faces":{
				"north":{"uv":[6,8,4,11],"texture":"#sword"},
				"east":{"uv":[5,8,6,11],"texture":"#sword"},
				"south":{"uv":[4,8,6,11],"texture":"#sword"},
				"west":{"uv":[4,8,5,11],"texture":"#sword"},
				"up":{"uv":[4,8,6,9],"texture":"#sword"},
				"down":{"uv":[4,10,6,11],"texture":"#sword"}
			}
		},
		{
			"from":[3,6,7.4],
			"to":[5,9,8.6],
			"faces":{
				"north":{"uv":[5,7,3,10],"texture":"#sword"},
				"east":{"uv":[4,7,5,10],"texture":"#sword"},
				"south":{"uv":[3,7,5,10],"texture":"#sword"},
				"west":{"uv":[3,7,4,10],"texture":"#sword"},
				"up":{"uv":[3,7,5,8],"texture":"#sword"},
				"down":{"uv":[3,9,5,10],"texture":"#sword"}
			}
		},
		{
			"from":[2,8,7.6],
			"to":[4,10,8.4],
			"faces":{
				"north":{"uv":[4,6,2,8],"texture":"#sword"},
				"east":{"uv":[3,6,4,8],"texture":"#sword"},
				"south":{"uv":[2,6,4,8],"texture":"#sword"},
				"west":{"uv":[2,6,3,8],"texture":"#sword"},
				"up":{"uv":[2,6,4,7],"texture":"#sword"},
				"down":{"uv":[2,7,4,8],"texture":"#sword"}
			}
		},
		{
			"from":[5,4,7.2],
			"to":[8,6,8.8],
			"faces":{
				"north":{"uv":[8,10,5,12],"texture":"#sword"},
				"east":{"uv":[7,10,8,12],"texture":"#sword"},
				"south":{"uv":[5,10,8,12],"texture":"#sword"},
				"west":{"uv":[5,10,6,12],"texture":"#sword"},
				"up":{"uv":[5,10,8,11],"texture":"#sword"},
				"down":{"uv":[5,11,8,12],"texture":"#sword"}
			}
		},
		{
			"from":[6,3,7.4],
			"to":[9,5,8.6],
			"faces":{
				"north":{"uv":[9,11,6,13],"texture":"#sword"},
				"east":{"uv":[8,11,9,13],"texture":"#sword"},
				"south":{"uv":[6,11,9,13],"texture":"#sword"},
				"west":{"uv":[6,11,7,13],"texture":"#sword"},
				"up":{"uv":[6,11,9,12],"texture":"#sword"},
				"down":{"uv":[6,12,9,13],"texture":"#sword"}
			}
		},
		{
			"from":[8,2,7.6],
			"to":[10,4,8.4],
			"faces":{
				"north":{"uv":[10,12,8,14],"texture":"#sword"},
				"east":{"uv":[9,12,10,14],"texture":"#sword"},
				"south":{"uv":[8,12,10,14],"texture":"#sword"},
				"west":{"uv":[8,12,9,14],"texture":"#sword"},
				"up":{"uv":[8,12,10,13],"texture":"#sword"},
				"down":{"uv":[8,13,10,14],"texture":"#sword"}
			}
		},
		{
			"from":[5,5,7],
			"to":[6,6,9],
			"faces":{
				"north":{"uv":[5,10,6,11],"texture":"#sword"},
				"east":{"uv":[5,10,6,11],"texture":"#sword"},
				"south":{"uv":[5,10,6,11],"texture":"#sword"},
				"west":{"uv":[5,10,6,11],"texture":"#sword"},
				"up":{"uv":[5,10,6,11],"texture":"#sword"},
				"down":{"uv":[5,10,6,11],"texture":"#sword"}
			}
		},
		{
			"from":[6,6,7.7],
			"to":[9,9,8.3],
			"faces":{
				"north":{"uv":[9,7,6,10],"texture":"#sword"},
				"east":{"uv":[8,7,9,10],"texture":"#sword"},
				"south":{"uv":[6,7,9,10],"texture":"#sword"},
				"west":{"uv":[6,7,7,10],"texture":"#sword"},
				"up":{"uv":[6,7,9,8],"texture":"#sword"},
				"down":{"uv":[6,9,9,10],"texture":"#sword"}
			}
		},
		{
			"from":[7,7,7.7],
			"to":[10,10,8.3],
			"faces":{
				"north":{"uv":[10,6,7,9],"texture":"#sword"},
				"east":{"uv":[9,6,10,9],"texture":"#sword"},
				"south":{"uv":[7,6,10,9],"texture":"#sword"},
				"west":{"uv":[7,6,8,9],"texture":"#sword"},
				"up":{"uv":[7,6,10,7],"texture":"#sword"},
				"down":{"uv":[7,8,10,9],"texture":"#sword"}
			}
		},
		{
			"from":[8,8,7.7],
			"to":[11,11,8.3],
			"faces":{
				"north":{"uv":[11,5,8,8],"texture":"#sword"},
				"east":{"uv":[10,5,11,8],"texture":"#sword"},
				"south":{"uv":[8,5,11,8],"texture":"#sword"},
				"west":{"uv":[8,5,9,8],"texture":"#sword"},
				"up":{"uv":[8,5,11,6],"texture":"#sword"},
				"down":{"uv":[8,7,11,8],"texture":"#sword"}
			}
		},
		{
			"from":[9,9,7.7],
			"to":[12,12,8.3],
			"faces":{
				"north":{"uv":[12,4,9,7],"texture":"#sword"},
				"east":{"uv":[11,4,12,7],"texture":"#sword"},
				"south":{"uv":[9,4,12,7],"texture":"#sword"},
				"west":{"uv":[9,4,10,7],"texture":"#sword"},
				"up":{"uv":[9,4,12,5],"texture":"#sword"},
				"down":{"uv":[9,6,12,7],"texture":"#sword"}
			}
		},
		{
			"from":[10,10,7.7],
			"to":[13,13,8.3],
			"faces":{
				"north":{"uv":[13,3,10,6],"texture":"#sword"},
				"east":{"uv":[12,3,13,6],"texture":"#sword"},
				"south":{"uv":[10,3,13,6],"texture":"#sword"},
				"west":{"uv":[10,3,11,6],"texture":"#sword"},
				"up":{"uv":[10,3,13,4],"texture":"#sword"},
				"down":{"uv":[10,5,13,6],"texture":"#sword"}
			}
		},
		{
			"from":[11,11,7.7],
			"to":[14,14,8.3],
			"faces":{
				"north":{"uv":[14,2,11,5],"texture":"#sword"},
				"east":{"uv":[13,2,14,5],"texture":"#sword"},
				"south":{"uv":[11,2,14,5],"texture":"#sword"},
				"west":{"uv":[11,2,12,5],"texture":"#sword"},
				"up":{"uv":[11,2,14,3],"texture":"#sword"},
				"down":{"uv":[11,4,14,5],"texture":"#sword"}
			}
		},
		{
			"from":[12,12,7.7],
			"to":[15,15,8.3],
			"faces":{
				"north":{"uv":[15,1,12,4],"texture":"#sword"},
				"east":{"uv":[14,1,15,4],"texture":"#sword"},
				"south":{"uv":[12,1,15,4],"texture":"#sword"},
				"west":{"uv":[12,1,13,4],"texture":"#sword"},
				"up":{"uv":[12,1,15,2],"texture":"#sword"},
				"down":{"uv":[12,3,15,4],"texture":"#sword"}
			}
		},
		{
			"from":[13,13,7.7],
			"to":[16,16,8.3],
			"faces":{
				"north":{"uv":[16,0,13,3],"texture":"#sword"},
				"east":{"uv":[15,-0,16,3],"texture":"#sword"},
				"south":{"uv":[13,0,16,3],"texture":"#sword"},
				"west":{"uv":[13,-0,14,3],"texture":"#sword"},
				"up":{"uv":[13,0,16,1],"texture":"#sword"},
				"down":{"uv":[13,2,16,3],"texture":"#sword"}
			}
		},
		{
			"from":[6,6,7.4],
			"to":[8,8,8.6],
			"faces":{
				"north":{"uv":[8,8,6,10],"texture":"#sword"},
				"east":{"uv":[7,8,8,10],"texture":"#sword"},
				"south":{"uv":[6,8,8,10],"texture":"#sword"},
				"up":{"uv":[6,8,8,9],"texture":"#sword"}
			}
		},
		{
			"from":[7,8,7.4],
			"to":[8,9,8.6],
			"faces":{
				"north":{"uv":[7,7,8,8],"texture":"#sword"},
				"south":{"uv":[7,7,8,8],"texture":"#sword"},
				"west":{"uv":[7,7,8,8],"texture":"#sword"},
				"up":{"uv":[7,7,8,8],"texture":"#sword"}
			}
		},
		{
			"from":[8,7,7.4],
			"to":[9,10,8.6],
			"faces":{
				"north":{"uv":[8,6,9,9],"texture":"#sword"},
				"east":{"uv":[8,6,9,9],"texture":"#sword"},
				"south":{"uv":[8,6,9,9],"texture":"#sword"},
				"west":{"uv":[8,6,9,9],"texture":"#sword"},
				"up":{"uv":[8,6,9,7],"texture":"#sword"},
				"down":{"uv":[8,8,9,9],"texture":"#sword"}
			}
		},
		{
			"from":[9,8,7.4],
			"to":[10,11,8.6],
			"faces":{
				"north":{"uv":[9,5,10,8],"texture":"#sword"},
				"east":{"uv":[9,5,10,8],"texture":"#sword"},
				"south":{"uv":[9,5,10,8],"texture":"#sword"},
				"west":{"uv":[9,5,10,8],"texture":"#sword"},
				"up":{"uv":[9,5,10,6],"texture":"#sword"},
				"down":{"uv":[9,7,10,8],"texture":"#sword"}
			}
		},
		{
			"from":[10,9,7.4],
			"to":[11,12,8.6],
			"faces":{
				"north":{"uv":[10,4,11,7],"texture":"#sword"},
				"east":{"uv":[10,4,11,7],"texture":"#sword"},
				"south":{"uv":[10,4,11,7],"texture":"#sword"},
				"west":{"uv":[10,4,11,7],"texture":"#sword"},
				"up":{"uv":[10,4,11,5],"texture":"#sword"},
				"down":{"uv":[10,6,11,7],"texture":"#sword"}
			}
		},
		{
			"from":[12,11,7.4],
			"to":[13,14,8.6],
			"faces":{
				"north":{"uv":[12,2,13,5],"texture":"#sword"},
				"east":{"uv":[12,2,13,5],"texture":"#sword"},
				"south":{"uv":[12,2,13,5],"texture":"#sword"},
				"west":{"uv":[12,2,13,5],"texture":"#sword"},
				"up":{"uv":[12,2,13,3],"texture":"#sword"},
				"down":{"uv":[12,4,13,5],"texture":"#sword"}
			}
		},
		{
			"from":[11,10,7.4],
			"to":[12,13,8.6],
			"faces":{
				"north":{"uv":[11,3,12,6],"texture":"#sword"},
				"east":{"uv":[11,3,12,6],"texture":"#sword"},
				"south":{"uv":[11,3,12,6],"texture":"#sword"},
				"west":{"uv":[11,3,12,6],"texture":"#sword"},
				"up":{"uv":[11,3,12,4],"texture":"#sword"},
				"down":{"uv":[11,5,12,6],"texture":"#sword"}
			}
		},
		{
			"from":[13,12,7.4],
			"to":[14,13,8.6],
			"faces":{
				"north":{"uv":[13,3,14,4],"texture":"#sword"},
				"east":{"uv":[13,3,14,4],"texture":"#sword"},
				"south":{"uv":[13,3,14,4],"texture":"#sword"},
				"down":{"uv":[13,3,14,4],"texture":"#sword"}
			}
		},
		{
			"from":[13,13,7.4],
			"to":[15,15,8.6],
			"faces":{
				"north":{"uv":[15,1,13,3],"texture":"#sword"},
				"east":{"uv":[14,1,15,3],"texture":"#sword"},
				"south":{"uv":[13,1,15,3],"texture":"#sword"},
				"west":{"uv":[13,1,14,3],"texture":"#sword"},
				"up":{"uv":[13,1,15,2],"texture":"#sword"},
				"down":{"uv":[13,2,15,3],"texture":"#sword"}
			}
		}
	]
}