{
	"__comment":"Designed by GeForceLegend",
	"textures":{
		"particle":"#torch"
	},
	"elements":[
		{
			"from":[7,8,7],
			"to":[9,10,9],
			"light_emission":15,
			"faces":{
				"north":{"uv":[7,6,9,8],"texture":"#torch"},
				"east":{"uv":[7,6,9,8],"texture":"#torch"},
				"south":{"uv":[7,6,9,8],"texture":"#torch"},
				"west":{"uv":[7,6,9,8],"texture":"#torch"},
				"up":{"uv":[7,6,9,8],"texture":"#torch"}
			}
		},
		{
			"from":[7,0,7],
			"to":[9,8,9],
			"faces":{
				"north":{"uv":[7,8,9,16],"texture":"#torch"},
				"east":{"uv":[7,8,9,16],"texture":"#torch"},
				"south":{"uv":[7,8,9,16],"texture":"#torch"},
				"west":{"uv":[7,8,9,16],"texture":"#torch"},
				"down":{"uv":[7,14,9,16],"texture":"#torch"}
			}
		}
	],
	"display":{
		"ground":{
			"rotation":[0,0,0],
			"translation":[0,4,0],
			"scale":[0.5,0.5,0.5]
		},
		"gui":{
			"rotation":[30,225,0],
			"scale":[1,1,1],
			"translation":[0,1,0]
		},
		"thirdperson_righthand":{
			"rotation":[0,0,0],
			"translation":[0,3,1],
			"scale":[0.55,0.55,0.55]
		},
		"firstperson_righthand":{
			"rotation":[0,-90,25],
			"translation":[1.13,3.2,1.13],
			"scale":[0.68,0.68,0.68]
		},
		"fixed":{
			"rotation":[0,180,0],
			"scale":[1,1,1]
		}
	}
}