{
	"__comment":"Designed by GeForceLegend",
	"parent":"item/minecart",
	"textures":{
		"minecart":"item/minecart_model",
		"particle":"item/tnt_minecart",
		"bottom":"block/tnt_bottom",
		"top":"block/tnt_top",
		"side":"block/tnt_side"
	},
	"elements":[
		{
			"from":[0,2,-2],
			"to":[16,4,18],
			"faces":{
				"north":{"uv":[8,4,16,5],"texture":"#minecart"},
				"east":{"uv":[10,15,0,16],"texture":"#minecart"},
				"south":{"uv":[8,5,16,4],"texture":"#minecart"},
				"west":{"uv":[0,15,10,16],"texture":"#minecart"},
				"up":{"uv":[8,5,16,15],"texture":"#minecart"},
				"down":{"uv":[0,5,8,15],"texture":"#minecart"}
			}
		},
		{
			"from":[0,4,0],
			"to":[2,12,16],
			"faces":{
				"east":{"uv":[0,1,8,5],"texture":"#minecart"},
				"west":{"uv":[8,0,16,4],"texture":"#minecart"},
				"up":{"uv":[8,1,0,0],"rotation":90,"texture":"#minecart"}
			}
		},
		{
			"from":[14,4,0],
			"to":[16,12,16],
			"faces":{
				"east":{"uv":[8,0,16,4],"texture":"#minecart"},
				"west":{"uv":[0,1,8,5],"texture":"#minecart"},
				"up":{"uv":[0,0,8,1],"rotation":90,"texture":"#minecart"}
			}
		},
		{
			"from":[0,4,16],
			"to":[16,12,18],
			"faces":{
				"north":{"uv":[0,1,8,5],"texture":"#minecart"},
				"east":{"uv":[12,15,16,16],"rotation":90,"texture":"#minecart"},
				"south":{"uv":[8,0,16,4],"texture":"#minecart"},
				"west":{"uv":[12,16,16,15],"rotation":90,"texture":"#minecart"},
				"up":{"uv":[8,1,0,0],"texture":"#minecart"}
			}
		},
		{
			"from":[0,4,-2],
			"to":[16,12,0],
			"faces":{
				"north":{"uv":[8,0,16,4],"texture":"#minecart"},
				"east":{"uv":[12,16,16,15],"rotation":90,"texture":"#minecart"},
				"south":{"uv":[0,1,8,5],"texture":"#minecart"},
				"west":{"uv":[12,15,16,16],"rotation":90,"texture":"#minecart"},
				"up":{"uv":[0,0,8,1],"texture":"#minecart"}
			}
		},
		{
			"from":[11.7425,16.75,6.5075],
			"to":[12.4925,17.8375,7.9925],
			"faces":{
				"north":{"uv":[14,6,13,7],"texture":"#top","cullface":"up"},
				"east":{"uv":[13,6,14,8],"texture":"#top","cullface":"up"},
				"south":{"uv":[13,7,14,8],"texture":"#top","cullface":"up"},
				"west":{"uv":[3,4,4,5],"texture":"#top","cullface":"up"},
				"up":{"uv":[13,6,14,8],"texture":"#top","cullface":"up"}
			}
		},
		{
			"from":[11.0075,17.5,7.9925],
			"to":[11.7575,17.8375,10.2425],
			"faces":{
				"north":{"uv":[13,8,12,9],"texture":"#top","cullface":"up"},
				"east":{"uv":[12,8,13,11],"rotation":90,"texture":"#top","cullface":"up"},
				"south":{"uv":[12,10,13,11],"texture":"#top","cullface":"up"},
				"west":{"uv":[3,4,4,5],"texture":"#top","cullface":"up"},
				"up":{"uv":[12,8,13,11],"texture":"#top","cullface":"up"}
			}
		},
		{
			"from":[11.0075,17.5,5.7575],
			"to":[11.7425,17.8375,7.2575],
			"faces":{
				"north":{"uv":[13,5,12,6],"texture":"#top","cullface":"up"},
				"east":{"uv":[12,5,13,7],"rotation":90,"texture":"#top","cullface":"up"},
				"south":{"uv":[12,6,13,7],"texture":"#top","cullface":"up"},
				"west":{"uv":[12,7,13,5],"rotation":90,"texture":"#top","cullface":"up"},
				"up":{"uv":[12,5,13,7],"texture":"#top","cullface":"up"}
			}
		},
		{
			"from":[11.0075,16.75,3.5075],
			"to":[12.4925,17.8375,4.2425],
			"faces":{
				"north":{"uv":[14,2,12,3],"texture":"#top","cullface":"up"},
				"east":{"uv":[13,2,14,3],"texture":"#top","cullface":"up"},
				"south":{"uv":[12,2,14,3],"texture":"#top","cullface":"up"},
				"west":{"uv":[3,4,4,5],"texture":"#top","cullface":"up"},
				"up":{"uv":[12,2,14,3],"texture":"#top","cullface":"up"}
			}
		},
		{
			"from":[10.2575,17.5,9.4925],
			"to":[11.0075,17.8375,10.2425],
			"faces":{
				"north":{"uv":[12,10,11,11],"texture":"#top","cullface":"up"},
				"east":{"uv":[11,10,12,11],"texture":"#top","cullface":"up"},
				"south":{"uv":[11,10,12,11],"texture":"#top","cullface":"up"},
				"west":{"uv":[3,4,4,5],"texture":"#top","cullface":"up"},
				"up":{"uv":[11,10,12,11],"texture":"#top","cullface":"up"}
			}
		},
		{
			"from":[10.2575,17.5,4.2575],
			"to":[11.0075,17.8375,5.7575],
			"faces":{
				"east":{"uv":[11,4,12,5],"texture":"#top","cullface":"up"},
				"south":{"uv":[11,4,12,5],"texture":"#top","cullface":"up"},
				"west":{"uv":[3,4,4,5],"texture":"#top","cullface":"up"},
				"up":{"uv":[11,4,12,5],"texture":"#top","cullface":"up"}
			}
		},
		{
			"from":[9.5075,17.5,10.2425],
			"to":[10.2575,17.8375,10.9925],
			"faces":{
				"north":{"uv":[11,11,10,12],"texture":"#top","cullface":"up"},
				"east":{"uv":[10,11,11,12],"texture":"#top","cullface":"up"},
				"south":{"uv":[10,11,11,12],"texture":"#top","cullface":"up"},
				"west":{"uv":[3,4,4,5],"texture":"#top","cullface":"up"},
				"up":{"uv":[10,11,11,12],"texture":"#top","cullface":"up"}
			}
		},
		{
			"from":[9.5075,17.5,4.2575],
			"to":[11.0075,17.8375,5.0075],
			"faces":{
				"north":{"uv":[12,3,10,4],"texture":"#top","cullface":"up"},
				"south":{"uv":[10,3,12,4],"texture":"#top","cullface":"up"},
				"west":{"uv":[3,4,4,5],"texture":"#top","cullface":"up"},
				"up":{"uv":[10,3,12,4],"texture":"#top","cullface":"up"}
			}
		},
		{
			"from":[8.0075,17.5,10.9925],
			"to":[9.5075,17.8375,11.7425],
			"faces":{
				"north":{"uv":[10,12,8,13],"texture":"#top","cullface":"up"},
				"east":{"uv":[9,12,10,13],"texture":"#top","cullface":"up"},
				"south":{"uv":[8,12,10,13],"texture":"#top","cullface":"up"},
				"west":{"uv":[3,4,4,5],"texture":"#top","cullface":"up"},
				"up":{"uv":[8,12,10,13],"texture":"#top","cullface":"up"}
			}
		},
		{
			"from":[7.2575,16.75,9.4925],
			"to":[8.0075,17.8375,10.9925],
			"faces":{
				"south":{"uv":[7,11,8,12],"texture":"#top","cullface":"up"},
				"west":{"uv":[7,12,8,10],"rotation":90,"texture":"#top","cullface":"up"},
				"up":{"uv":[7,10,8,12],"texture":"#top","cullface":"up"}
			}
		},
		{
			"from":[6.4925,16.75,6.5075],
			"to":[9.4925,17.8375,9.4925],
			"faces":{
				"north":{"uv":[10,6,6,7],"texture":"#top","cullface":"up"},
				"east":{"uv":[9,6,10,10],"rotation":90,"texture":"#top","cullface":"up"},
				"south":{"uv":[6,9,10,10],"texture":"#top","cullface":"up"},
				"west":{"uv":[6,10,7,6],"rotation":90,"texture":"#top","cullface":"up"},
				"up":{"uv":[6,6,10,10],"texture":"#top","cullface":"up"}
			}
		},
		{
			"from":[7.2575,17.5,3.5075],
			"to":[8.7425,17.8375,4.2425],
			"faces":{
				"north":{"uv":[9,2,7,3],"texture":"#top","cullface":"up"},
				"east":{"uv":[8,2,9,3],"texture":"#top","cullface":"up"},
				"south":{"uv":[7,2,9,3],"texture":"#top","cullface":"up"},
				"west":{"uv":[3,4,4,5],"texture":"#top","cullface":"up"},
				"up":{"uv":[7,2,9,3],"texture":"#top","cullface":"up"}
			}
		},
		{
			"from":[6.4925,17.5,10.9925],
			"to":[7.2425,17.8375,11.7425],
			"faces":{
				"north":{"uv":[7,12,6,13],"texture":"#top","cullface":"up"},
				"east":{"uv":[6,12,7,13],"texture":"#top","cullface":"up"},
				"south":{"uv":[6,12,7,13],"texture":"#top","cullface":"up"},
				"west":{"uv":[3,4,4,5],"texture":"#top","cullface":"up"},
				"up":{"uv":[6,12,7,13],"texture":"#top","cullface":"up"}
			}
		},
		{
			"from":[6.5,16.75,5.75],
			"to":[8,17.5,6.5],
			"faces":{
				"west":{"uv":[6,5,7,6],"texture":"#top","cullface":"up"},
				"up":{"uv":[6,5,8,6],"texture":"#top","cullface":"up"}
			}
		},
		{
			"from":[5.7425,16.75,9.4925],
			"to":[6.4925,17.8375,10.9925],
			"faces":{
				"north":{"uv":[6,10,5,11],"texture":"#top","cullface":"up"},
				"east":{"uv":[5,10,6,12],"texture":"#top","cullface":"up"},
				"west":{"uv":[3,4,4,5],"texture":"#top","cullface":"up"},
				"up":{"uv":[5,10,6,12],"texture":"#top","cullface":"up"}
			}
		},
		{
			"from":[4.9925,16.75,8.0075],
			"to":[10.2425,17.8375,8.7425],
			"faces":{
				"north":{"uv":[11,8,4,9],"texture":"#top","cullface":"up"},
				"east":{"uv":[10,8,11,9],"texture":"#top","cullface":"up"},
				"south":{"uv":[4,8,11,9],"texture":"#top","cullface":"up"},
				"west":{"uv":[4,8,5,9],"texture":"#top","cullface":"up"},
				"up":{"uv":[4,8,11,9],"texture":"#top","cullface":"up"}
			}
		},
		{
			"from":[8.0075,16.75,5.7575],
			"to":[8.7425,17.8375,10.9925],
			"faces":{
				"north":{"uv":[8,5,9,6],"texture":"#top","cullface":"up"},
				"east":{"uv":[8,5,9,12],"rotation":90,"texture":"#top","cullface":"up"},
				"west":{"uv":[8,5,9,6],"texture":"#top","cullface":"up"},
				"up":{"uv":[8,5,9,12],"texture":"#top","cullface":"up"}
			}
		},
		{
			"from":[5.7575,17.5,4.2575],
			"to":[6.4925,17.8375,4.9925],
			"faces":{
				"north":{"uv":[6,3,5,4],"texture":"#top","cullface":"up"},
				"east":{"uv":[5,3,6,4],"texture":"#top","cullface":"up"},
				"south":{"uv":[5,3,6,4],"texture":"#top","cullface":"up"},
				"west":{"uv":[3,4,4,5],"texture":"#top","cullface":"up"},
				"up":{"uv":[5,3,6,4],"texture":"#top","cullface":"up"}
			}
		},
		{
			"from":[4.2425,17.5,8.7425],
			"to":[5.7425,17.8375,9.4925],
			"faces":{
				"north":{"uv":[5,9,3,10],"texture":"#top","cullface":"up"},
				"east":{"uv":[4,9,5,10],"texture":"#top","cullface":"up"},
				"south":{"uv":[3,9,5,10],"texture":"#top","cullface":"up"},
				"west":{"uv":[3,9,4,10],"texture":"#top","cullface":"up"},
				"up":{"uv":[3,9,5,10],"texture":"#top","cullface":"up"}
			}
		},
		{
			"from":[4.2575,17.5,4.2575],
			"to":[4.9925,17.8375,5.7425],
			"faces":{
				"north":{"uv":[3,3,4,4],"texture":"#top","cullface":"up"},
				"east":{"uv":[3,3,4,4],"texture":"#top","cullface":"up"},
				"west":{"uv":[3,5,4,3],"rotation":90,"texture":"#top","cullface":"up"},
				"up":{"uv":[3,3,4,5],"texture":"#top","cullface":"up"}
			}
		},
		{
			"from":[4.2575,17.5,5.0075],
			"to":[5.7425,17.8375,5.7425],
			"faces":{
				"north":{"uv":[5,4,3,5],"texture":"#top","cullface":"up"},
				"east":{"uv":[4,4,5,5],"texture":"#top","cullface":"up"},
				"south":{"uv":[3,4,5,5],"texture":"#top","cullface":"up"},
				"up":{"uv":[3,4,5,5],"texture":"#top","cullface":"up"}
			}
		},
		{
			"from":[2.75,16.75,10.25],
			"to":[3.5,17.5,11.75],
			"faces":{
				"north":{"uv":[1,11,2,12],"texture":"#top","cullface":"up"},
				"south":{"uv":[1,12,2,13],"texture":"#top","cullface":"up"},
				"up":{"uv":[1,11,2,13],"texture":"#top","cullface":"up"}
			}
		},
		{
			"from":[2.75,16.75,7.25],
			"to":[3.5,17.5,8.75],
			"faces":{
				"north":{"uv":[1,7,2,8],"texture":"#top","cullface":"up"},
				"south":{"uv":[1,8,2,9],"texture":"#top","cullface":"up"},
				"up":{"uv":[1,7,2,9],"texture":"#top","cullface":"up"}
			}
		},
		{
			"from":[4.25,16.75,5.75],
			"to":[5.75,17.5,13.25],
			"faces":{
				"east":{"uv":[4,13,5,15],"rotation":90,"texture":"#top","cullface":"up"},
				"west":{"uv":[3,15,4,5],"rotation":90,"texture":"#top","cullface":"up"},
				"up":{"uv":[3,5,5,15],"texture":"#top","cullface":"up"}
			}
		},
		{
			"from":[6.5,16.75,11.75],
			"to":[9.5,17.5,12.5],
			"faces":{
				"east":{"uv":[9,13,10,14],"texture":"#top","cullface":"up"},
				"south":{"uv":[6,13,10,14],"texture":"#top","cullface":"up"},
				"west":{"uv":[6,13,7,14],"texture":"#top","cullface":"up"},
				"up":{"uv":[6,13,10,14],"texture":"#top","cullface":"up"}
			}
		},
		{
			"from":[3.5,16.75,6.5],
			"to":[4.25,17.5,12.5],
			"faces":{
				"north":{"uv":[2,6,3,7],"texture":"#top","cullface":"up"},
				"south":{"uv":[2,13,3,14],"texture":"#top","cullface":"up"},
				"west":{"uv":[2,14,3,6],"rotation":90,"texture":"#top","cullface":"up"},
				"up":{"uv":[2,6,3,14],"texture":"#top","cullface":"up"}
			}
		},
		{
			"from":[9.5,16.75,8],
			"to":[10.25,17.5,9.5],
			"faces":{
				"south":{"uv":[10,9,11,10],"texture":"#top","cullface":"up"},
				"up":{"uv":[10,9,11,10],"texture":"#top","cullface":"up"}
			}
		},
		{
			"from":[8.75,16.75,8.75],
			"to":[9.5,17.5,10.25],
			"faces":{
				"east":{"uv":[9,9,10,11],"texture":"#top","cullface":"up"},
				"up":{"uv":[9,9,10,11],"texture":"#top","cullface":"up"}
			}
		},
		{
			"from":[11.75,16.75,9.5],
			"to":[12.5,17.5,12.5],
			"faces":{
				"north":{"uv":[13,10,14,11],"texture":"#top","cullface":"up"},
				"east":{"uv":[13,13,14,14],"texture":"#top","cullface":"up"},
				"south":{"uv":[13,13,14,14],"texture":"#top","cullface":"up"},
				"up":{"uv":[13,10,14,14],"texture":"#top","cullface":"up"}
			}
		},
		{
			"from":[9.5,16.75,5.75],
			"to":[10.25,17.5,6.5],
			"faces":{
				"south":{"uv":[10,5,11,6],"texture":"#top","cullface":"up"},
				"west":{"uv":[10,5,11,6],"texture":"#top","cullface":"up"},
				"up":{"uv":[10,5,11,6],"texture":"#top","cullface":"up"}
			}
		},
		{
			"from":[5.7575,16.75,7.2575],
			"to":[10.9925,17.8375,8.0075],
			"faces":{
				"north":{"uv":[12,7,5,8],"texture":"#top","cullface":"up"},
				"east":{"uv":[11,7,12,8],"texture":"#top","cullface":"up"},
				"south":{"uv":[5,7,12,8],"texture":"#top","cullface":"up"},
				"west":{"uv":[5,7,6,8],"texture":"#top","cullface":"up"},
				"up":{"uv":[5,7,12,8],"texture":"#top","cullface":"up"}
			}
		},
		{
			"from":[4.2575,17.5,11.0075],
			"to":[4.9925,17.8375,11.7425],
			"faces":{
				"north":{"uv":[3,12,4,13],"texture":"#top","cullface":"up"},
				"east":{"uv":[3,12,4,13],"texture":"#top","cullface":"up"},
				"south":{"uv":[3,12,4,13],"texture":"#top","cullface":"up"},
				"west":{"uv":[3,12,4,13],"texture":"#top","cullface":"up"},
				"up":{"uv":[3,12,4,13],"texture":"#top","cullface":"up"}
			}
		},
		{
			"from":[5.0075,17.5,10.2575],
			"to":[6.4925,17.8375,10.9925],
			"faces":{
				"north":{"uv":[4,11,5,12],"texture":"#top","cullface":"up"},
				"south":{"uv":[4,11,6,12],"texture":"#top","cullface":"up"},
				"west":{"uv":[4,11,5,12],"texture":"#top","cullface":"up"},
				"up":{"uv":[4,11,6,12],"texture":"#top","cullface":"up"}
			}
		},
		{
			"from":[10.2575,17.5,11.0075],
			"to":[11.7425,17.8375,11.7425],
			"faces":{
				"north":{"uv":[13,12,11,13],"texture":"#top","cullface":"up"},
				"east":{"uv":[12,12,13,13],"texture":"#top","cullface":"up"},
				"south":{"uv":[11,12,13,13],"texture":"#top","cullface":"up"},
				"west":{"uv":[11,12,12,13],"texture":"#top","cullface":"up"},
				"up":{"uv":[11,12,13,13],"texture":"#top","cullface":"up"}
			}
		},
		{
			"from":[4.2575,17.5,6.5075],
			"to":[5.7425,17.8375,7.2425],
			"faces":{
				"north":{"uv":[5,6,3,7],"texture":"#top","cullface":"up"},
				"east":{"uv":[4,6,5,7],"texture":"#top","cullface":"up"},
				"south":{"uv":[3,6,5,7],"texture":"#top","cullface":"up"},
				"west":{"uv":[3,6,4,7],"texture":"#top","cullface":"up"},
				"up":{"uv":[3,6,5,7],"texture":"#top","cullface":"up"}
			}
		},
		{
			"from":[3.5,16.75,3.5],
			"to":[4.25,17.5,4.25],
			"faces":{
				"north":{"uv":[2,2,3,3],"texture":"#top","cullface":"up"},
				"west":{"uv":[2,2,3,3],"texture":"#top","cullface":"up"},
				"up":{"uv":[2,2,3,3],"texture":"#top","cullface":"up"}
			}
		},
		{
			"from":[4.25,16.75,2.75],
			"to":[5.75,17.5,4.25],
			"faces":{
				"east":{"uv":[4,1,5,3],"texture":"#top","cullface":"up"},
				"west":{"uv":[3,1,4,3],"texture":"#top","cullface":"up"},
				"up":{"uv":[3,1,5,3],"texture":"#top","cullface":"up"}
			}
		},
		{
			"from":[6.5,16.75,3.5],
			"to":[9.5,17.5,4.25],
			"faces":{
				"north":{"uv":[10,2,6,3],"texture":"#top","cullface":"up"},
				"east":{"uv":[9,2,10,3],"texture":"#top","cullface":"up"},
				"west":{"uv":[6,2,7,3],"texture":"#top","cullface":"up"},
				"up":{"uv":[6,2,10,3],"texture":"#top","cullface":"up"}
			}
		},
		{
			"from":[7.25,16.75,2.75],
			"to":[8.75,17.5,3.5],
			"faces":{
				"east":{"uv":[8,1,9,2],"texture":"#top","cullface":"up"},
				"west":{"uv":[7,1,8,2],"texture":"#top","cullface":"up"},
				"up":{"uv":[7,1,9,2],"texture":"#top","cullface":"up"}
			}
		},
		{
			"from":[7.25,16.75,12.5],
			"to":[8.75,17.5,13.25],
			"faces":{
				"east":{"uv":[8,14,9,15],"texture":"#top","cullface":"up"},
				"west":{"uv":[7,14,8,15],"texture":"#top","cullface":"up"},
				"up":{"uv":[7,14,9,15],"texture":"#top","cullface":"up"}
			}
		},
		{
			"from":[10.25,16.75,5.75],
			"to":[11.75,17.5,13.25],
			"faces":{
				"east":{"uv":[12,5,13,15],"rotation":90,"texture":"#top","cullface":"up"},
				"west":{"uv":[11,15,12,5],"rotation":90,"texture":"#top","cullface":"up"},
				"up":{"uv":[11,5,13,15],"texture":"#top","cullface":"up"}
			}
		},
		{
			"from":[12.5,16.75,10.25],
			"to":[13.25,17.5,11.75],
			"faces":{
				"north":{"uv":[14,11,15,12],"texture":"#top","cullface":"up"},
				"south":{"uv":[14,12,15,13],"texture":"#top","cullface":"up"},
				"up":{"uv":[14,11,15,13],"texture":"#top","cullface":"up"}
			}
		},
		{
			"from":[10.25,16.75,2.75],
			"to":[11.75,17.5,4.25],
			"faces":{
				"east":{"uv":[12,1,13,3],"rotation":90,"texture":"#top","cullface":"up"},
				"west":{"uv":[11,3,12,1],"rotation":90,"texture":"#top","cullface":"up"},
				"up":{"uv":[11,1,13,3],"texture":"#top","cullface":"up"}
			}
		},
		{
			"from":[5.75,16.75,10.25],
			"to":[10.25,17.5,11.75],
			"faces":{
				"north":{"uv":[11,11,5,12],"texture":"#top","cullface":"up"},
				"south":{"uv":[5,12,11,13],"texture":"#top","cullface":"up"},
				"up":{"uv":[5,11,11,13],"texture":"#top","cullface":"up"}
			}
		},
		{
			"from":[11.75,16.75,7.25],
			"to":[13.25,17.5,8.75],
			"faces":{
				"north":{"uv":[15,7,13,8],"texture":"#top","cullface":"up"},
				"south":{"uv":[13,8,15,9],"texture":"#top","cullface":"up"},
				"up":{"uv":[13,7,15,9],"texture":"#top","cullface":"up"}
			}
		},
		{
			"from":[2.75,16.75,4.25],
			"to":[13.25,17.5,5.75],
			"faces":{
				"north":{"uv":[15,3,1,4],"texture":"#top","cullface":"up"},
				"south":{"uv":[1,4,15,5],"texture":"#top","cullface":"up"},
				"up":{"uv":[1,3,15,5],"texture":"#top","cullface":"up"}
			}
		},
		{
			"from":[2.75,5.5,2],
			"to":[13.25,17.5,2.75],
			"faces":{
				"north":{"uv":[1,0,15,16],"texture":"#side","cullface":"north"},
				"south":{"uv":[0,0,14,16],"texture":"#side"},
				"up":{"uv":[1,0,15,1],"texture":"#top","cullface":"up"}
			}
		},
		{
			"from":[2.75,5.5,13.25],
			"to":[13.25,17.5,14],
			"faces":{
				"north":{"uv":[15,15,1,16],"texture":"#top"},
				"south":{"uv":[1,0,15,16],"texture":"#side","cullface":"south"},
				"up":{"uv":[1,15,15,16],"texture":"#top","cullface":"up"}
			}
		},
		{
			"from":[13.25,5.5,2],
			"to":[14,17.5,14],
			"faces":{
				"north":{"uv":[0,0,1,16],"texture":"#side","cullface":"north"},
				"east":{"uv":[0,0,16,16],"texture":"#side","cullface":"east"},
				"south":{"uv":[15,0,16,16],"texture":"#side","cullface":"south"},
				"west":{"uv":[15,16,16,0],"rotation":90,"texture":"#top"},
				"up":{"uv":[15,0,16,16],"texture":"#top","cullface":"up"}
			}
		},
		{
			"from":[2,5.5,2],
			"to":[2.75,17.5,14],
			"faces":{
				"north":{"uv":[15,0,16,16],"texture":"#side","cullface":"north"},
				"east":{"uv":[0,0,1,16],"rotation":90,"texture":"#top"},
				"south":{"uv":[0,0,1,16],"texture":"#side","cullface":"south"},
				"west":{"uv":[0,0,16,16],"texture":"#side","cullface":"west"},
				"up":{"uv":[0,0,1,16],"texture":"#top","cullface":"up"}
			}
		},
		{
			"from":[2.75,5.5,2.75],
			"to":[13.25,17.075,13.25],
			"faces":{
				"up":{"uv":[1,1,15,15],"texture":"#top","cullface":"up"}
			}
		}
	]
}