{
	"__comment":"Designed by GeForceLegend",
	"parent":"item/door",
	"textures":{
		"bottom":"block/warped_door_bottom",
		"bottom1":"block/warped_door_bottom1",
		"top":"block/warped_door_top",
		"top1":"block/warped_door_top1",
		"particle":"item/warped_door"
	},
	"elements":[
		{
			"from":[12,-8,6.5],
			"to":[16,8,9.5],
			"faces":{
				"north":{"uv":[0,0,4,16],"texture":"#bottom"},
				"east":{"uv":[0,0,3,16],"texture":"#bottom1"},
				"south":{"uv":[4,0,0,16],"texture":"#bottom"},
				"west":{"uv":[3,0,4,16],"texture":"#bottom"},
				"down":{"uv":[7,4,10,0],"rotation":270,"texture":"#bottom1"}
			}
		},
		{
			"from":[5,-7,6.5],
			"to":[11,8,9.5],
			"faces":{
				"north":{"uv":[5,0,11,15],"texture":"#bottom"},
				"east":{"uv":[5,0,6,15],"texture":"#bottom"},
				"south":{"uv":[11,0,5,15],"texture":"#bottom"},
				"west":{"uv":[10,0,11,15],"texture":"#bottom"}
			}
		},
		{
			"from":[0,-8,6.5],
			"to":[4,8,9.5],
			"faces":{
				"north":{"uv":[12,0,16,16],"texture":"#bottom"},
				"east":{"uv":[12,0,13,16],"texture":"#bottom"},
				"south":{"uv":[16,0,12,16],"texture":"#bottom"},
				"west":{"uv":[13,0,16,16],"texture":"#bottom1"},
				"down":{"uv":[7,16,10,12],"rotation":270,"texture":"#bottom1"}
			}
		},
		{
			"from":[4,-7,7],
			"to":[12,8,9],
			"faces":{
				"north":{"uv":[4,0,12,15],"texture":"#bottom"},
				"south":{"uv":[12,0,4,15],"texture":"#bottom"}
			}
		},
		{
			"from":[4,-8,6.5],
			"to":[12,-7,9.5],
			"faces":{
				"north":{"uv":[4,15,12,16],"texture":"#bottom"},
				"south":{"uv":[12,15,4,16],"texture":"#bottom"},
				"up":{"uv":[12,15,4,16],"texture":"#bottom"},
				"down":{"uv":[7,12,10,4],"rotation":270,"texture":"#bottom1"}
			}
		},
		{
			"from":[15,-2,6],
			"to":[16,-1,10],
			"faces":{
				"north":{"uv":[0,9,1,10],"texture":"#bottom"},
				"east":{"uv":[0,9,1,10],"texture":"#bottom"},
				"south":{"uv":[0,9,1,10],"texture":"#bottom"},
				"west":{"uv":[0,9,1,10],"texture":"#bottom"},
				"up":{"uv":[1,9,0,10],"texture":"#bottom"},
				"down":{"uv":[0,9,1,10],"rotation":270,"texture":"#bottom"}
			}
		},
		{
			"from":[14,-1,6],
			"to":[15,0,10],
			"faces":{
				"north":{"uv":[1,8,2,9],"texture":"#bottom"},
				"east":{"uv":[1,8,2,9],"texture":"#bottom"},
				"south":{"uv":[1,8,2,9],"texture":"#bottom"},
				"west":{"uv":[1,8,2,9],"texture":"#bottom"},
				"up":{"uv":[2,8,1,9],"texture":"#bottom"},
				"down":{"uv":[1,8,2,9],"rotation":270,"texture":"#bottom"}
			}
		},
		{
			"from":[12,0,6],
			"to":[14,1,10],
			"faces":{
				"north":{"uv":[2,7,4,8],"texture":"#bottom"},
				"east":{"uv":[2,7,4,8],"texture":"#bottom"},
				"south":{"uv":[2,7,4,8],"texture":"#bottom"},
				"west":{"uv":[2,7,4,8],"texture":"#bottom"},
				"up":{"uv":[4,7,2,8],"texture":"#bottom"},
				"down":{"uv":[2,7,4,8],"rotation":270,"texture":"#bottom"}
			}
		},
		{
			"from":[11,-2,6],
			"to":[12,0,10],
			"faces":{
				"north":{"uv":[4,8,5,10],"texture":"#bottom"},
				"east":{"uv":[4,8,5,10],"texture":"#bottom"},
				"south":{"uv":[4,8,5,10],"texture":"#bottom"},
				"west":{"uv":[4,8,5,10],"texture":"#bottom"},
				"up":{"uv":[5,8,4,10],"texture":"#bottom"},
				"down":{"uv":[4,8,5,10],"rotation":270,"texture":"#bottom"}
			}
		},
		{
			"from":[9,-3,6],
			"to":[11,-2,10],
			"faces":{
				"north":{"uv":[5,10,7,11],"texture":"#bottom"},
				"east":{"uv":[5,10,7,11],"texture":"#bottom"},
				"south":{"uv":[5,10,7,11],"texture":"#bottom"},
				"west":{"uv":[5,10,7,11],"texture":"#bottom"},
				"up":{"uv":[7,10,5,11],"texture":"#bottom"},
				"down":{"uv":[5,10,7,11],"rotation":270,"texture":"#bottom"}
			}
		},
		{
			"from":[7,-4,6],
			"to":[9,-3,10],
			"faces":{
				"north":{"uv":[7,11,9,12],"texture":"#bottom"},
				"east":{"uv":[7,11,8,12],"texture":"#bottom"},
				"south":{"uv":[9,11,7,12],"texture":"#bottom"},
				"west":{"uv":[8,11,9,12],"texture":"#bottom"},
				"up":{"uv":[9,11,7,12],"texture":"#bottom"},
				"down":{"uv":[9,11,7,12],"texture":"#bottom"}
			}
		},
		{
			"from":[6,-3,6],
			"to":[7,-2,10],
			"faces":{
				"north":{"uv":[9,10,10,11],"texture":"#bottom"},
				"east":{"uv":[9,10,10,11],"texture":"#bottom"},
				"south":{"uv":[9,10,10,11],"texture":"#bottom"},
				"west":{"uv":[9,10,10,11],"texture":"#bottom"},
				"up":{"uv":[10,10,9,11],"texture":"#bottom"},
				"down":{"uv":[9,10,10,11],"rotation":270,"texture":"#bottom"}
			}
		},
		{
			"from":[5,-2,6],
			"to":[6,1,10],
			"faces":{
				"north":{"uv":[10,7,11,10],"texture":"#bottom"},
				"east":{"uv":[10,7,11,10],"texture":"#bottom"},
				"south":{"uv":[10,7,11,10],"texture":"#bottom"},
				"west":{"uv":[10,7,11,10],"texture":"#bottom"},
				"up":{"uv":[11,7,10,8],"texture":"#bottom"},
				"down":{"uv":[10,9,11,10],"rotation":270,"texture":"#bottom"}
			}
		},
		{
			"from":[4,1,6],
			"to":[5,2,10],
			"faces":{
				"north":{"uv":[11,6,12,7],"texture":"#bottom"},
				"east":{"uv":[11,6,12,7],"texture":"#bottom"},
				"south":{"uv":[11,6,12,7],"texture":"#bottom"},
				"west":{"uv":[11,6,12,7],"texture":"#bottom"},
				"up":{"uv":[12,6,11,7],"texture":"#bottom"},
				"down":{"uv":[11,6,12,7],"rotation":270,"texture":"#bottom"}
			}
		},
		{
			"from":[2,2,6],
			"to":[4,3,10],
			"faces":{
				"north":{"uv":[12,5,14,6],"texture":"#bottom"},
				"east":{"uv":[12,5,14,6],"texture":"#bottom"},
				"south":{"uv":[12,5,14,6],"texture":"#bottom"},
				"west":{"uv":[12,5,14,6],"texture":"#bottom"},
				"up":{"uv":[14,5,12,6],"texture":"#bottom"},
				"down":{"uv":[12,5,14,6],"rotation":270,"texture":"#bottom"}
			}
		},
		{
			"from":[0,1,6],
			"to":[2,2,10],
			"faces":{
				"north":{"uv":[14,6,16,7],"texture":"#bottom"},
				"east":{"uv":[14,6,16,7],"texture":"#bottom"},
				"south":{"uv":[14,6,16,7],"texture":"#bottom"},
				"west":{"uv":[14,6,16,7],"texture":"#bottom"},
				"up":{"uv":[16,6,14,7],"texture":"#bottom"},
				"down":{"uv":[14,6,16,7],"rotation":270,"texture":"#bottom"}
			}
		},
		{
			"from":[0,-4,6],
			"to":[1,-3,10],
			"faces":{
				"north":{"uv":[15,11,16,12],"texture":"#bottom"},
				"east":{"uv":[15,11,16,12],"texture":"#bottom"},
				"south":{"uv":[15,11,16,12],"texture":"#bottom"},
				"west":{"uv":[15,11,16,12],"texture":"#bottom"},
				"up":{"uv":[16,11,15,12],"texture":"#bottom"},
				"down":{"uv":[15,11,16,12],"rotation":270,"texture":"#bottom"}
			}
		},
		{
			"from":[1,-3,6],
			"to":[3,-2,10],
			"faces":{
				"north":{"uv":[13,10,15,11],"texture":"#bottom"},
				"east":{"uv":[13,10,14,11],"texture":"#bottom"},
				"south":{"uv":[15,10,13,11],"texture":"#bottom"},
				"west":{"uv":[14,10,15,11],"texture":"#bottom"},
				"up":{"uv":[15,10,13,11],"texture":"#bottom"},
				"down":{"uv":[15,10,13,11],"texture":"#bottom"}
			}
		},
		{
			"from":[3,-5,6],
			"to":[4,-3,10],
			"faces":{
				"north":{"uv":[12,11,13,13],"texture":"#bottom"},
				"east":{"uv":[12,11,13,13],"texture":"#bottom"},
				"south":{"uv":[12,11,13,13],"texture":"#bottom"},
				"west":{"uv":[12,11,13,13],"texture":"#bottom"},
				"up":{"uv":[13,11,12,12],"texture":"#bottom"},
				"down":{"uv":[12,12,13,13],"rotation":270,"texture":"#bottom"}
			}
		},
		{
			"from":[4,-6,6],
			"to":[6,-5,10],
			"faces":{
				"north":{"uv":[10,13,12,14],"texture":"#bottom"},
				"east":{"uv":[10,13,11,14],"texture":"#bottom"},
				"south":{"uv":[12,13,10,14],"texture":"#bottom"},
				"west":{"uv":[11,13,12,14],"texture":"#bottom"},
				"up":{"uv":[12,13,10,14],"texture":"#bottom"},
				"down":{"uv":[12,13,10,14],"texture":"#bottom"}
			}
		},
		{
			"from":[6,-7,6],
			"to":[7,-6,10],
			"faces":{
				"north":{"uv":[9,14,10,15],"texture":"#bottom"},
				"east":{"uv":[9,14,10,15],"texture":"#bottom"},
				"south":{"uv":[9,14,10,15],"texture":"#bottom"},
				"west":{"uv":[9,14,10,15],"texture":"#bottom"},
				"up":{"uv":[10,14,9,15],"texture":"#bottom"},
				"down":{"uv":[9,14,10,15],"rotation":270,"texture":"#bottom"}
			}
		},
		{
			"from":[15,4,6],
			"to":[15.99,6,10],
			"faces":{
				"north":{"uv":[0,2,1,4],"texture":"#bottom"},
				"east":{"uv":[0,2,1,4],"texture":"#bottom"},
				"south":{"uv":[0,2,1,4],"texture":"#bottom"},
				"west":{"uv":[0,2,1,4],"texture":"#bottom"},
				"up":{"uv":[1,2,0,3],"texture":"#bottom"},
				"down":{"uv":[0,3,1,4],"rotation":270,"texture":"#bottom"}
			}
		},
		{
			"from":[14,6,6],
			"to":[15,7,10],
			"faces":{
				"north":{"uv":[1,1,2,2],"texture":"#bottom"},
				"east":{"uv":[1,1,2,2],"texture":"#bottom"},
				"south":{"uv":[1,1,2,2],"texture":"#bottom"},
				"west":{"uv":[1,1,2,2],"texture":"#bottom"},
				"up":{"uv":[2,1,1,2],"texture":"#bottom"},
				"down":{"uv":[1,1,2,2],"rotation":270,"texture":"#bottom"}
			}
		},
		{
			"from":[12,7,6],
			"to":[14,8,10],
			"faces":{
				"north":{"uv":[2,0,4,1],"texture":"#bottom"},
				"east":{"uv":[2,0,3,1],"texture":"#bottom"},
				"south":{"uv":[4,0,2,1],"texture":"#bottom"},
				"west":{"uv":[3,0,4,1],"texture":"#bottom"},
				"up":{"uv":[4,0,2,1],"texture":"#bottom"},
				"down":{"uv":[4,0,2,1],"texture":"#bottom"}
			}
		},
		{
			"from":[10,6,6],
			"to":[12,7,10],
			"faces":{
				"north":{"uv":[4,1,6,2],"texture":"#bottom"},
				"east":{"uv":[4,1,5,2],"texture":"#bottom"},
				"south":{"uv":[6,1,4,2],"texture":"#bottom"},
				"west":{"uv":[5,1,6,2],"texture":"#bottom"},
				"up":{"uv":[6,1,4,2],"texture":"#bottom"},
				"down":{"uv":[6,1,4,2],"texture":"#bottom"}
			}
		},
		{
			"from":[9,7,6],
			"to":[10,8,10],
			"faces":{
				"north":{"uv":[6,0,7,1],"texture":"#bottom"},
				"east":{"uv":[6,0,7,1],"texture":"#bottom"},
				"south":{"uv":[6,0,7,1],"texture":"#bottom"},
				"west":{"uv":[6,0,7,1],"texture":"#bottom"},
				"up":{"uv":[7,0,6,1],"texture":"#bottom"},
				"down":{"uv":[6,0,7,1],"rotation":270,"texture":"#bottom"}
			}
		},
		{
			"from":[16,-2,6.5],
			"to":[16.5,-1,9.5],
			"faces":{
				"north":{"uv":[0,9,1,10],"texture":"#bottom"},
				"east":{"uv":[0,9,3,10],"texture":"#bottom1"},
				"south":{"uv":[0,9,1,10],"texture":"#bottom"},
				"up":{"uv":[0,9,3,10],"rotation":90,"texture":"#bottom1"},
				"down":{"uv":[0,9,3,10],"rotation":270,"texture":"#bottom1"}
			}
		},
		{
			"from":[16,4,6.5],
			"to":[16.5,5,9.5],
			"faces":{
				"north":{"uv":[0,3,1,4],"texture":"#bottom"},
				"east":{"uv":[0,3,3,4],"texture":"#bottom1"},
				"south":{"uv":[0,3,1,4],"texture":"#bottom"},
				"up":{"uv":[0,3,3,4],"rotation":90,"texture":"#bottom1"},
				"down":{"uv":[0,3,3,4],"rotation":270,"texture":"#bottom1"}
			}
		},
		{
			"from":[-0.5,-4,6.5],
			"to":[0,-3,9.5],
			"faces":{
				"north":{"uv":[15,11,16,12],"texture":"#bottom"},
				"south":{"uv":[15,11,16,12],"texture":"#bottom"},
				"west":{"uv":[13,11,16,12],"texture":"#bottom1"},
				"up":{"uv":[13,11,16,12],"rotation":90,"texture":"#bottom1"},
				"down":{"uv":[13,11,16,12],"rotation":270,"texture":"#bottom1"}
			}
		},
		{
			"from":[-0.5,1,6.5],
			"to":[0,2,9.5],
			"faces":{
				"north":{"uv":[15,6,16,7],"texture":"#bottom"},
				"south":{"uv":[15,6,16,7],"texture":"#bottom"},
				"west":{"uv":[13,6,16,7],"texture":"#bottom1"},
				"up":{"uv":[13,6,16,7],"rotation":90,"texture":"#bottom1"},
				"down":{"uv":[13,6,16,7],"rotation":270,"texture":"#bottom1"}
			}
		},
		{
			"from":[12,8,6.5],
			"to":[16,24,9.5],
			"faces":{
				"north":{"uv":[0,0,4,16],"texture":"#top"},
				"east":{"uv":[0,0,3,16],"texture":"#top1"},
				"south":{"uv":[4,0,0,16],"texture":"#top"},
				"west":{"uv":[3,0,4,16],"texture":"#top"},
				"up":{"uv":[7,0,10,4],"rotation":90,"texture":"#top1"}
			}
		},
		{
			"from":[5,8,6.5],
			"to":[11,23,9.5],
			"faces":{
				"north":{"uv":[5,1,11,16],"texture":"#top"},
				"east":{"uv":[5,1,6,16],"texture":"#top"},
				"south":{"uv":[11,1,5,16],"texture":"#top"},
				"west":{"uv":[10,1,11,16],"texture":"#top"}
			}
		},
		{
			"from":[0,8,6.5],
			"to":[4,24,9.5],
			"faces":{
				"north":{"uv":[12,0,16,16],"texture":"#top"},
				"east":{"uv":[12,0,13,16],"texture":"#top"},
				"south":{"uv":[16,0,12,16],"texture":"#top"},
				"west":{"uv":[13,0,16,16],"texture":"#top1"},
				"up":{"uv":[7,12,10,16],"rotation":90,"texture":"#top1"}
			}
		},
		{
			"from":[4,8,7],
			"to":[12,23,9],
			"faces":{
				"north":{"uv":[4,1,12,16],"texture":"#top"},
				"south":{"uv":[12,1,4,16],"texture":"#top"}
			}
		},
		{
			"from":[4,23,6.5],
			"to":[12,24,9.5],
			"faces":{
				"north":{"uv":[4,0,12,1],"texture":"#top"},
				"south":{"uv":[12,0,4,1],"texture":"#top"},
				"up":{"uv":[7,4,10,12],"rotation":90,"texture":"#top1"},
				"down":{"uv":[12,0,4,1],"texture":"#top"}
			}
		},
		{
			"from":[2,8,5.5],
			"to":[5,10,6.5],
			"faces":{
				"north":{"uv":[3,14,6,16],"texture":"#top1"},
				"east":{"uv":[3,14,4,16],"texture":"#top1"},
				"south":{"uv":[6,14,3,16],"texture":"#top1"},
				"west":{"uv":[5,14,6,16],"texture":"#top1"},
				"up":{"uv":[6,14,3,15],"texture":"#top1"},
				"down":{"uv":[6,15,3,16],"texture":"#top1"}
			}
		},
		{
			"from":[2,8,9.5],
			"to":[5,10,10.5],
			"faces":{
				"north":{"uv":[3,14,6,16],"texture":"#top1"},
				"east":{"uv":[3,14,4,16],"texture":"#top1"},
				"south":{"uv":[6,14,3,16],"texture":"#top1"},
				"west":{"uv":[5,14,6,16],"texture":"#top1"},
				"up":{"uv":[6,14,3,15],"texture":"#top1"},
				"down":{"uv":[6,15,3,16],"texture":"#top1"}
			}
		},
		{
			"from":[8,8,6],
			"to":[9,12,10],
			"faces":{
				"north":{"uv":[7,12,8,16],"texture":"#top"},
				"east":{"uv":[7,12,8,16],"texture":"#top"},
				"south":{"uv":[7,12,8,16],"texture":"#top"},
				"west":{"uv":[7,12,8,16],"texture":"#top"},
				"up":{"uv":[8,12,7,13],"texture":"#top"},
				"down":{"uv":[7,15,8,16],"rotation":270,"texture":"#top"}
			}
		},
		{
			"from":[6,12,6],
			"to":[8,13,10],
			"faces":{
				"north":{"uv":[8,11,10,12],"texture":"#top"},
				"east":{"uv":[8,11,9,12],"texture":"#top"},
				"south":{"uv":[10,11,8,12],"texture":"#top"},
				"west":{"uv":[9,11,10,12],"texture":"#top"},
				"up":{"uv":[10,11,8,12],"texture":"#top"},
				"down":{"uv":[10,11,8,12],"texture":"#top"}
			}
		},
		{
			"from":[5,13,6],
			"to":[7,14,10],
			"faces":{
				"north":{"uv":[9,10,11,11],"texture":"#top"},
				"east":{"uv":[9,10,11,11],"texture":"#top"},
				"south":{"uv":[9,10,11,11],"texture":"#top"},
				"west":{"uv":[9,10,11,11],"texture":"#top"},
				"up":{"uv":[11,10,9,11],"texture":"#top"},
				"down":{"uv":[9,10,11,11],"rotation":270,"texture":"#top"}
			}
		},
		{
			"from":[4,12,6],
			"to":[5,13,10],
			"faces":{
				"north":{"uv":[11,11,12,12],"texture":"#top"},
				"east":{"uv":[11,11,12,12],"texture":"#top"},
				"south":{"uv":[11,11,12,12],"texture":"#top"},
				"west":{"uv":[11,11,12,12],"texture":"#top"},
				"up":{"uv":[12,11,11,12],"texture":"#top"},
				"down":{"uv":[11,11,12,12],"rotation":270,"texture":"#top"}
			}
		},
		{
			"from":[2,11,6],
			"to":[4,12,10],
			"faces":{
				"north":{"uv":[12,12,14,13],"texture":"#top"},
				"east":{"uv":[12,12,13,13],"texture":"#top"},
				"south":{"uv":[14,12,12,13],"texture":"#top"},
				"west":{"uv":[13,12,14,13],"texture":"#top"},
				"up":{"uv":[14,12,12,13],"texture":"#top"},
				"down":{"uv":[14,12,12,13],"texture":"#top"}
			}
		},
		{
			"from":[1,12,6],
			"to":[2,13,10],
			"faces":{
				"north":{"uv":[14,11,15,12],"texture":"#top"},
				"east":{"uv":[14,11,15,12],"texture":"#top"},
				"south":{"uv":[14,11,15,12],"texture":"#top"},
				"west":{"uv":[14,11,15,12],"texture":"#top"},
				"up":{"uv":[15,11,14,12],"texture":"#top"},
				"down":{"uv":[14,11,15,12],"rotation":270,"texture":"#top"}
			}
		},
		{
			"from":[0,13,6],
			"to":[1,14,10],
			"faces":{
				"north":{"uv":[15,10,16,11],"texture":"#top"},
				"east":{"uv":[15,10,16,11],"texture":"#top"},
				"south":{"uv":[15,10,16,11],"texture":"#top"},
				"west":{"uv":[15,10,16,11],"texture":"#top"},
				"up":{"uv":[16,10,15,11],"texture":"#top"},
				"down":{"uv":[15,10,16,11],"rotation":270,"texture":"#top"}
			}
		},
		{
			"from":[0,16,6],
			"to":[1,17,10],
			"faces":{
				"north":{"uv":[15,7,16,8],"texture":"#top"},
				"east":{"uv":[15,7,16,8],"texture":"#top"},
				"south":{"uv":[15,7,16,8],"texture":"#top"},
				"west":{"uv":[15,7,16,8],"texture":"#top"},
				"up":{"uv":[15,7,16,8],"texture":"#top"},
				"down":{"uv":[15,7,16,8],"rotation":270,"texture":"#top"}
			}
		},
		{
			"from":[1,15,6],
			"to":[3,16,10],
			"faces":{
				"north":{"uv":[13,8,15,9],"texture":"#top"},
				"east":{"uv":[13,8,14,9],"texture":"#top"},
				"south":{"uv":[15,8,13,9],"texture":"#top"},
				"west":{"uv":[14,8,15,9],"texture":"#top"},
				"up":{"uv":[15,8,13,9],"texture":"#top"},
				"down":{"uv":[15,8,13,9],"texture":"#top"}
			}
		},
		{
			"from":[3,14,6],
			"to":[4,15,10],
			"faces":{
				"north":{"uv":[12,9,13,10],"texture":"#top"},
				"east":{"uv":[12,9,13,10],"texture":"#top"},
				"south":{"uv":[12,9,13,10],"texture":"#top"},
				"west":{"uv":[12,9,13,10],"texture":"#top"},
				"up":{"uv":[13,9,12,10],"texture":"#top"},
				"down":{"uv":[12,9,13,10],"rotation":270,"texture":"#top"}
			}
		},
		{
			"from":[0,21,6],
			"to":[3,22,10],
			"faces":{
				"north":{"uv":[13,2,16,3],"texture":"#top"},
				"east":{"uv":[13,2,14,3],"texture":"#top"},
				"south":{"uv":[16,2,13,3],"texture":"#top"},
				"west":{"uv":[15,2,16,3],"texture":"#top"},
				"up":{"uv":[16,2,13,3],"texture":"#top"},
				"down":{"uv":[16,2,13,3],"texture":"#top"}
			}
		},
		{
			"from":[3,22,6],
			"to":[4,23,10],
			"faces":{
				"north":{"uv":[12,1,13,2],"texture":"#top"},
				"east":{"uv":[12,1,13,2],"texture":"#top"},
				"south":{"uv":[12,1,13,2],"texture":"#top"},
				"west":{"uv":[12,1,13,2],"texture":"#top"},
				"up":{"uv":[13,1,12,2],"texture":"#top"},
				"down":{"uv":[12,1,13,2],"rotation":270,"texture":"#top"}
			}
		},
		{
			"from":[13,16,6],
			"to":[16,17,10],
			"faces":{
				"north":{"uv":[0,7,3,8],"texture":"#top"},
				"east":{"uv":[0,7,1,8],"texture":"#top"},
				"south":{"uv":[3,7,0,8],"texture":"#top"},
				"west":{"uv":[2,7,3,8],"texture":"#top"},
				"up":{"uv":[3,7,0,8],"texture":"#top"},
				"down":{"uv":[3,7,0,8],"texture":"#top"}
			}
		},
		{
			"from":[12,17,6],
			"to":[13,18,10],
			"faces":{
				"north":{"uv":[3,6,4,7],"texture":"#top"},
				"east":{"uv":[3,6,4,7],"texture":"#top"},
				"south":{"uv":[3,6,4,7],"texture":"#top"},
				"west":{"uv":[3,6,4,7],"texture":"#top"},
				"up":{"uv":[4,6,3,7],"texture":"#top"},
				"down":{"uv":[3,6,4,7],"rotation":270,"texture":"#top"}
			}
		},
		{
			"from":[11,18,6],
			"to":[12,20,10],
			"faces":{
				"north":{"uv":[4,4,5,6],"texture":"#top"},
				"east":{"uv":[4,4,5,6],"texture":"#top"},
				"south":{"uv":[4,4,5,6],"texture":"#top"},
				"west":{"uv":[4,4,5,6],"texture":"#top"},
				"down":{"uv":[4,5,5,6],"rotation":270,"texture":"#top"}
			}
		},
		{
			"from":[13,21,6],
			"to":[16,22,10],
			"faces":{
				"north":{"uv":[0,2,3,3],"texture":"#top"},
				"east":{"uv":[0,2,1,3],"texture":"#top"},
				"south":{"uv":[3,2,0,3],"texture":"#top"},
				"west":{"uv":[2,2,3,3],"texture":"#top"},
				"up":{"uv":[3,2,0,3],"texture":"#top"},
				"down":{"uv":[3,2,0,3],"texture":"#top"}
			}
		},
		{
			"from":[9,20,6],
			"to":[13,21,10],
			"faces":{
				"north":{"uv":[3,3,7,4],"texture":"#top"},
				"east":{"uv":[3,3,4,4],"texture":"#top"},
				"south":{"uv":[7,3,3,4],"texture":"#top"},
				"west":{"uv":[6,3,7,4],"texture":"#top"},
				"up":{"uv":[7,3,3,4],"texture":"#top"},
				"down":{"uv":[7,3,3,4],"texture":"#top"}
			}
		},
		{
			"from":[8,21,6],
			"to":[9,22,10],
			"faces":{
				"north":{"uv":[7,2,8,3],"texture":"#top"},
				"east":{"uv":[7,2,8,3],"texture":"#top"},
				"south":{"uv":[7,2,8,3],"texture":"#top"},
				"west":{"uv":[7,2,8,3],"texture":"#top"},
				"up":{"uv":[8,2,7,3],"texture":"#top"},
				"down":{"uv":[7,2,8,3],"rotation":270,"texture":"#top"}
			}
		},
		{
			"from":[7,22,6],
			"to":[8,23,10],
			"faces":{
				"north":{"uv":[8,1,9,2],"texture":"#top"},
				"east":{"uv":[8,1,9,2],"texture":"#top"},
				"south":{"uv":[8,1,9,2],"texture":"#top"},
				"west":{"uv":[8,1,9,2],"texture":"#top"},
				"up":{"uv":[9,1,8,2],"texture":"#top"},
				"down":{"uv":[8,1,9,2],"rotation":270,"texture":"#top"}
			}
		},
		{
			"from":[6,23,6],
			"to":[7,24,10],
			"faces":{
				"north":{"uv":[9,0,10,1],"texture":"#top"},
				"east":{"uv":[9,0,10,1],"texture":"#top"},
				"south":{"uv":[9,0,10,1],"texture":"#top"},
				"west":{"uv":[9,0,10,1],"texture":"#top"},
				"up":{"uv":[10,0,9,1],"texture":"#top"},
				"down":{"uv":[9,0,10,1],"rotation":270,"texture":"#top"}
			}
		},
		{
			"from":[6,24,6.5],
			"to":[7,24.5,9.5],
			"faces":{
				"north":{"uv":[9,0,10,1],"texture":"#top"},
				"east":{"uv":[7,9,10,10],"texture":"#top1"},
				"south":{"uv":[9,0,10,1],"texture":"#top"},
				"west":{"uv":[7,9,10,10],"texture":"#top1"},
				"up":{"uv":[7,9,10,10],"rotation":90,"texture":"#top1"}
			}
		},
		{
			"from":[16,16,6.5],
			"to":[16.5,17,9.5],
			"faces":{
				"north":{"uv":[0,7,1,8],"texture":"#top"},
				"east":{"uv":[0,7,3,8],"texture":"#top1"},
				"south":{"uv":[0,7,1,8],"texture":"#top"},
				"up":{"uv":[0,7,3,8],"rotation":90,"texture":"#top1"},
				"down":{"uv":[0,7,3,8],"rotation":270,"texture":"#top1"}
			}
		},
		{
			"from":[16,21,6.5],
			"to":[16.5,22,9.5],
			"faces":{
				"north":{"uv":[0,2,1,3],"texture":"#top"},
				"east":{"uv":[0,2,3,3],"texture":"#top1"},
				"south":{"uv":[0,2,1,3],"texture":"#top"},
				"up":{"uv":[0,2,3,3],"rotation":90,"texture":"#top1"},
				"down":{"uv":[0,2,3,3],"rotation":270,"texture":"#top1"}
			}
		},
		{
			"from":[-0.5,13,6.5],
			"to":[0,14,9.5],
			"faces":{
				"north":{"uv":[15,10,16,11],"texture":"#top"},
				"south":{"uv":[15,10,16,11],"texture":"#top"},
				"west":{"uv":[13,10,16,11],"texture":"#top1"},
				"up":{"uv":[13,10,16,11],"rotation":90,"texture":"#top1"},
				"down":{"uv":[13,10,16,11],"rotation":270,"texture":"#top1"}
			}
		},
		{
			"from":[-0.5,16,6.5],
			"to":[0,17,9.5],
			"faces":{
				"north":{"uv":[15,7,16,8],"texture":"#top"},
				"south":{"uv":[15,7,16,8],"texture":"#top"},
				"west":{"uv":[13,7,16,8],"texture":"#top1"},
				"up":{"uv":[16,7,13,8],"texture":"#top1"},
				"down":{"uv":[13,7,16,8],"rotation":270,"texture":"#top1"}
			}
		},
		{
			"from":[-0.5,21,6.5],
			"to":[0,22,9.5],
			"faces":{
				"north":{"uv":[15,2,16,3],"texture":"#top"},
				"south":{"uv":[15,2,16,3],"texture":"#top"},
				"west":{"uv":[13,2,16,3],"texture":"#top1"},
				"up":{"uv":[13,2,16,3],"rotation":90,"texture":"#top1"},
				"down":{"uv":[13,2,16,3],"rotation":270,"texture":"#top1"}
			}
		}
	]
}