{
	"credit": "Made with Blockbench",
	"texture_size": [64, 64],
	"textures": {
		"2": "item/wind_charge_hand"
	},
	"elements": [
		{
			"from": [6, 0, 6],
			"to": [10, 4, 10],
			"rotation": {"angle": 0, "axis": "y", "origin": [8, 2, 8]},
			"faces": {
				"north": {"uv": [1, 1, 2, 2], "texture": "#2"},
				"east": {"uv": [0, 1, 1, 2], "texture": "#2"},
				"south": {"uv": [3, 1, 4, 2], "texture": "#2"},
				"west": {"uv": [2, 1, 3, 2], "texture": "#2"},
				"up": {"uv": [1, 0, 2, 1], "texture": "#2"},
				"down": {"uv": [2, 0, 3, 1], "texture": "#2"}
			}
		},
		{
			"from": [4, 1, 4],
			"to": [12, 3, 12],
			"rotation": {"angle": 0, "axis": "y", "origin": [8, 2, 8]},
			"faces": {
				"north": {"uv": [2, 7, 4, 7.5], "texture": "#2"},
				"east": {"uv": [0, 7, 2, 7.5], "texture": "#2"},
				"south": {"uv": [6, 7, 8, 7.5], "texture": "#2"},
				"west": {"uv": [4, 7, 6, 7.5], "texture": "#2"}
			}
		},
		{
			"from": [5, 0, 5],
			"to": [11, 4, 11],
			"rotation": {"angle": 0, "axis": "y", "origin": [8, 2, 8]},
			"faces": {
				"north": {"uv": [1.5, 3.75, 3, 4.75], "texture": "#2"},
				"east": {"uv": [0, 3.75, 1.5, 4.75], "texture": "#2"},
				"south": {"uv": [4.5, 3.75, 6, 4.75], "texture": "#2"},
				"west": {"uv": [3, 3.75, 4.5, 4.75], "texture": "#2"}
			}
		},
		{
			"name": "cube_outline",
			"from": [12, 3, 12],
			"to": [4, 1, 4],
			"rotation": {"angle": 0, "axis": "y", "origin": [8, 2, 8]},
			"faces": {
				"north": {"uv": [6, 7.5, 8, 7], "texture": "#2"},
				"east": {"uv": [4, 7, 6, 7.5], "rotation": 180, "texture": "#2"},
				"south": {"uv": [2, 7.5, 4, 7], "texture": "#2"},
				"west": {"uv": [0, 7.5, 2, 7], "texture": "#2"}
			}
		},
		{
			"name": "cube_outline",
			"from": [11, 4, 11],
			"to": [5, 0, 5],
			"rotation": {"angle": 0, "axis": "y", "origin": [8, 2, 8]},
			"faces": {
				"north": {"uv": [4.5, 4.75, 6, 3.75], "texture": "#2"},
				"east": {"uv": [3, 4.75, 4.5, 3.75], "texture": "#2"},
				"south": {"uv": [1.5, 4.75, 3, 3.75], "texture": "#2"},
				"west": {"uv": [0, 4.75, 1.5, 3.75], "texture": "#2"}
			}
		}
	],
	"display": {
		"thirdperson_righthand": {
			"translation": [0, 5.5, 1.5],
			"scale": [0.68, 0.68, 0.68]
		},
		"thirdperson_lefthand": {
			"translation": [0, 5.5, 1.5],
			"scale": [0.68, 0.68, 0.68]
		},
		"firstperson_righthand": {
			"rotation": [-7, -63, 2],
			"translation": [-0.75, 7.25, 2],
			"scale": [0.62, 0.62, 0.75]
		},
		"firstperson_lefthand": {
			"rotation": [-7, -63, 2],
			"translation": [-0.75, 7.25, 2],
			"scale": [0.62, 0.62, 0.75]
		},
		"ground": {
			"translation": [0, 5, 0]
		},
		"gui": {
			"rotation": [30, 225, 0],
			"translation": [0, 5.5, 0]
		},
		"head": {
			"translation": [0, 25.5, 0],
			"scale": [4, 4, 4]
		},
		"fixed": {
			"translation": [0, 6, -1]
		}
	}
}