{
	"credit": "Made with Blockbench",
	"textures": {
		"1": "item/carrot_hand",
		"particle": "item/carrot_hand"
	},
	"elements": [
		{
			"from": [7, 2, 7],
			"to": [9, 3, 9],
			"rotation": {"angle": 0, "axis": "y", "origin": [8.0375, 6.1, 8]},
			"faces": {
				"north": {"uv": [8, 0, 6, 1], "texture": "#1"},
				"east": {"uv": [6, 0, 8, 1], "texture": "#1"},
				"south": {"uv": [8, 0, 6, 1], "texture": "#1"},
				"west": {"uv": [6, 0, 8, 1], "texture": "#1"},
				"up": {"uv": [8, 5, 6, 3], "texture": "#1"},
				"down": {"uv": [10, 3, 8, 5], "texture": "#1"}
			}
		},
		{
			"from": [6.5, 3, 6.5],
			"to": [9.5, 9, 9.5],
			"rotation": {"angle": 0, "axis": "y", "origin": [8.0375, 6.1, 8]},
			"faces": {
				"north": {"uv": [0, 0, 3, 6], "texture": "#1"},
				"east": {"uv": [3, 0, 0, 6], "texture": "#1"},
				"south": {"uv": [0, 0, 3, 6], "texture": "#1"},
				"west": {"uv": [3, 0, 0, 6], "texture": "#1"},
				"up": {"uv": [6, 8, 3, 5], "texture": "#1"},
				"down": {"uv": [3, 6, 0, 9], "texture": "#1"}
			}
		},
		{
			"from": [7.52184, 10.23736, 6.5],
			"to": [7.52184, 13.23736, 9.5],
			"rotation": {"angle": 45, "axis": "z", "origin": [7.51732, 10.22388, 8]},
			"faces": {
				"north": {"uv": [0, 0, 0, 5], "texture": "#1"},
				"east": {"uv": [6, 0, 3, 3], "texture": "#1"},
				"south": {"uv": [0, 0, 0, 5], "texture": "#1"},
				"west": {"uv": [3, 0, 6, 3], "texture": "#1"},
				"up": {"uv": [0, 3, 0, 0], "texture": "#1"},
				"down": {"uv": [0, 3, 0, 0], "texture": "#1"}
			}
		},
		{
			"from": [6.93542, 8.12251, 6.5],
			"to": [6.93542, 10.12251, 9.5],
			"rotation": {"angle": -22.5, "axis": "z", "origin": [8.0375, 6.1, 8]},
			"faces": {
				"north": {"uv": [0, 0, 0, 5], "texture": "#1"},
				"east": {"uv": [3, 3, 6, 5], "texture": "#1"},
				"south": {"uv": [0, 0, 0, 5], "texture": "#1"},
				"west": {"uv": [3, 3, 6, 5], "texture": "#1"},
				"up": {"uv": [0, 3, 0, 0], "texture": "#1"},
				"down": {"uv": [0, 3, 0, 0], "texture": "#1"}
			}
		},
		{
			"from": [9.13958, 8.12251, 6.5],
			"to": [9.13958, 10.12251, 9.5],
			"rotation": {"angle": 22.5, "axis": "z", "origin": [8.0375, 6.1, 8]},
			"faces": {
				"north": {"uv": [0, 0, 0, 5], "texture": "#1"},
				"east": {"uv": [6, 3, 3, 5], "texture": "#1"},
				"south": {"uv": [0, 0, 0, 5], "texture": "#1"},
				"west": {"uv": [3, 3, 6, 5], "texture": "#1"},
				"up": {"uv": [0, 3, 0, 0], "texture": "#1"},
				"down": {"uv": [0, 3, 0, 0], "texture": "#1"}
			}
		},
		{
			"from": [8.55125, 10.24692, 6.5],
			"to": [8.55125, 13.24692, 9.5],
			"rotation": {"angle": -45, "axis": "z", "origin": [8.53268, 10.22388, 8]},
			"faces": {
				"north": {"uv": [0, 0, 0, 5], "texture": "#1"},
				"east": {"uv": [3, 0, 6, 3], "texture": "#1"},
				"south": {"uv": [0, 0, 0, 5], "texture": "#1"},
				"west": {"uv": [3, 0, 6, 3], "texture": "#1"},
				"up": {"uv": [0, 3, 0, 0], "texture": "#1"},
				"down": {"uv": [0, 3, 0, 0], "texture": "#1"}
			}
		}
	],
	"display": {
		"thirdperson_righthand": {
			"rotation": [0, 90, 0],
			"translation": [-1.25, 2, 1.25],
			"scale": [0.62, 0.62, 0.62]
		},
		"thirdperson_lefthand": {
			"rotation": [0, 90, 0],
			"translation": [-1.25, 2, 1.25],
			"scale": [0.62, 0.62, 0.62]
		},
		"firstperson_righthand": {
			"rotation": [-96.4, -24.94, -84.32],
			"translation": [0.5, 7, 1],
			"scale": [0.71, 0.62, 0.71]
		},
		"firstperson_lefthand": {
			"rotation": [-96.4, -24.94, -84.32],
			"translation": [0.5, 7, 1],
			"scale": [0.71, 0.62, 0.71]
		}
	}
}