{
  "model": {
    "type": "minecraft:select",
    "property": "minecraft:custom_model_data",
    "fallback": {
      "type": "minecraft:model",
      "model": "minecraft:item/carrot_on_a_stick"
    },
    "cases": [
      {
        "when" : "fafik77.exp_stoar",
        "model" : {
          "type": "minecraft:model",
          "model": "item/carrot_on_a_stick/exp_stoar"
        }
      },
	  {
        "when" : "fafik77.eidos_reversal_controller",
        "model" : {
          "type": "minecraft:model",
          "model": "item/carrot_on_a_stick/eidos_reversal_controller"
        }
      }
    ]
  }
}