{
  "fafik77.suck": {
	"__source": "freesound.org/s/447493/",
    "min_distance": 1,
    "max_distance": 2,
	"sounds": [
	  {
        "name":"fafik77:custom/suck1"
      },
	  {
		"volume": 0.9,
        "name":"fafik77:custom/suck2"
      }
    ],
    "subtitle": "fafik77.suck"
  },
  
  "fafik77.power_down": {
	"__source": "freesound.org/s/13294/",
    "sounds": [
	  {
        "name":"fafik77:custom/power_down"
      }
    ],
    "subtitle": "fafik77.power_down"
  },
  
  "fafik77.popout": {
    "sounds": [
	  {
        "name":"fafik77:custom/popout"
      }
    ],
    "subtitle": "fafik77.popout"
  },

  "fafik77.removed_single": {
    "sounds": [
	  {
        "name":"fafik77:custom/removed_single"
      }
    ],
    "subtitle": "fafik77.removed"
  },
  
  "fafik77.removed_brushed": {
    "sounds": [
	  {
        "name":"fafik77:custom/removed-brushed"
      }
    ],
    "subtitle": "fafik77.removed_brushed"
  },

  "fafik77.function_fail": {
    "sounds": [
	  {
        "name":"fafik77:custom/function_fail"
      }
    ],
    "subtitle": "fafik77.function_fail"
  }
}