{
	"textures": {
		"0": "animated_java:blueprint/pufftail/pufftail_default",
		"particle": "minecraft:item/pufferfish"
	},
	"display": {
		"head": {
			"rotation": [0, 180, 0]
		}
	},
	"elements": [
		{
			"from": [2.4186, 9.11628, 24.18605],
			"to": [13.5814, 23.62791, 32],
			"rotation": {
				"angle": 0,
				"axis": "y",
				"origin": [8, 8, 37.5814]
			},
			"faces": {
				"north": {
					"uv": [10.25, 7.25, 12.75, 10.5],
					"texture": "#0"
				},
				"east": {
					"uv": [8.375, 10.75, 10.125, 14],
					"texture": "#0"
				},
				"south": {
					"uv": [10.5, 0, 13, 3.25],
					"texture": "#0"
				},
				"west": {
					"uv": [0, 11.25, 1.75, 14.5],
					"texture": "#0"
				},
				"up": {
					"uv": [4.25, 14.25, 1.75, 12.5],
					"texture": "#0"
				},
				"down": {
					"uv": [15.25, 7.25, 12.75, 9],
					"texture": "#0"
				}
			}
		}
	]
}