{
	"textures": {
		"0": "animated_java:blueprint/pufftail/pufftail_default",
		"particle": "minecraft:item/pufferfish"
	},
	"display": {
		"head": {
			"rotation": [0, 180, 0]
		}
	},
	"elements": [
		{
			"from": [7.3617, 25.61702, 21.21277],
			"to": [8.6383, 32, 27.59574],
			"rotation": {
				"angle": 22.5,
				"axis": "x",
				"origin": [8, 25.61702, 21.85106]
			},
			"faces": {
				"north": {
					"uv": [14.25, 12.75, 14.5, 14],
					"texture": "#0"
				},
				"east": {
					"uv": [12.625, 14, 13.875, 15.25],
					"texture": "#0"
				},
				"south": {
					"uv": [14.375, 5, 14.625, 6.25],
					"texture": "#0"
				},
				"west": {
					"uv": [13.875, 14, 15.125, 15.25],
					"texture": "#0"
				},
				"up": {
					"uv": [10.375, 15.625, 10.125, 14.375],
					"texture": "#0"
				},
				"down": {
					"uv": [10.625, 14.375, 10.375, 15.625],
					"texture": "#0"
				}
			}
		}
	]
}