{
	"textures": {
		"0": "animated_java:blueprint/pufftail/pufftail_default",
		"particle": "minecraft:item/pufferfish"
	},
	"display": {
		"head": {
			"rotation": [0, 180, 0]
		}
	},
	"elements": [
		{
			"from": [7.38462, 25.84615, 5.78462],
			"to": [8.61538, 32, 11.93846],
			"rotation": {
				"angle": 0,
				"axis": "y",
				"origin": [8, 25.84615, 6.4]
			},
			"faces": {
				"north": {
					"uv": [2.75, 14.25, 3, 15.5],
					"texture": "#0"
				},
				"east": {
					"uv": [14, 2.5, 15.25, 3.75],
					"texture": "#0"
				},
				"south": {
					"uv": [3, 14.25, 3.25, 15.5],
					"texture": "#0"
				},
				"west": {
					"uv": [14, 3.75, 15.25, 5],
					"texture": "#0"
				},
				"up": {
					"uv": [3.5, 15.5, 3.25, 14.25],
					"texture": "#0"
				},
				"down": {
					"uv": [3.75, 14.25, 3.5, 15.5],
					"texture": "#0"
				}
			}
		}
	]
}