{
	"textures": {
		"0": "animated_java:blueprint/pufftail/pufftail_default",
		"particle": "minecraft:item/pufferfish"
	},
	"display": {
		"head": {
			"rotation": [0, 180, 0]
		}
	},
	"elements": [
		{
			"from": [7.4, 26, -9.76],
			"to": [8.6, 32, -3.76],
			"rotation": {
				"angle": 0,
				"axis": "y",
				"origin": [8, 26, -9.16]
			},
			"faces": {
				"north": {
					"uv": [9.875, 14, 10.125, 15.25],
					"texture": "#0"
				},
				"east": {
					"uv": [10.125, 13.125, 11.375, 14.375],
					"texture": "#0"
				},
				"south": {
					"uv": [14.125, 5, 14.375, 6.25],
					"texture": "#0"
				},
				"west": {
					"uv": [11.375, 13.125, 12.625, 14.375],
					"texture": "#0"
				},
				"up": {
					"uv": [14.5, 1.25, 14.25, 0],
					"texture": "#0"
				},
				"down": {
					"uv": [14.5, 1.25, 14.25, 2.5],
					"texture": "#0"
				}
			}
		}
	]
}