{
	"credit": "Made with Blockbench",
	"textures": {
		"1": "item/spider_eye_hand"
	},
	"elements": [
		{
			"from": [6, 3, 5],
			"to": [10, 7, 9],
			"light_emission": 10,
			"rotation": {"angle": 0, "axis": "y", "origin": [7.75, 3.25, 8]},
			"faces": {
				"north": {"uv": [4, 0, 8, 4], "texture": "#1"},
				"east": {"uv": [4, 0, 8, 4], "texture": "#1"},
				"south": {"uv": [4, 0, 8, 4], "texture": "#1"},
				"west": {"uv": [4, 0, 8, 4], "texture": "#1"},
				"up": {"uv": [8, 8, 4, 4], "texture": "#1"},
				"down": {"uv": [4, 5, 0, 9], "texture": "#1"}
			}
		},
		{
			"from": [8, 0, 7],
			"to": [8, 5, 11],
			"light_emission": 10,
			"rotation": {"angle": 0, "axis": "y", "origin": [8.25, 3.25, 9]},
			"faces": {
				"north": {"uv": [0, 0, 0, 5], "texture": "#1"},
				"east": {"uv": [0, 0, 4, 5], "texture": "#1"},
				"south": {"uv": [0, 0, 0, 5], "texture": "#1"},
				"west": {"uv": [4, 0, 0, 5], "texture": "#1"},
				"up": {"uv": [0, 5, 0, 0], "texture": "#1"},
				"down": {"uv": [0, 0, 0, 5], "texture": "#1"}
			}
		}
	],
	"display": {
		"thirdperson_righthand": {
			"rotation": [70, 180, 0],
			"translation": [-0.25, 1.25, 1.5],
			"scale": [0.59, 0.59, 0.59]
		},
		"thirdperson_lefthand": {
			"rotation": [70, 180, 0],
			"translation": [-0.25, 1.25, 1.5],
			"scale": [0.59, 0.59, 0.59]
		},
		"firstperson_righthand": {
			"rotation": [24.72, 12.05, 4.14],
			"translation": [0.25, 5.25, 2.75],
			"scale": [0.58, 0.58, 0.58]
		},
		"firstperson_lefthand": {
			"rotation": [24.72, 12.05, 4.14],
			"translation": [0.25, 5.25, 2.75],
			"scale": [0.58, 0.58, 0.58]
		}
	}
}