{
	"textures": {
		"0": "animated_java:blueprint/jellyfish/jellyfish_pink"
	},
	"display": {
		"head": {
			"rotation": [0, 180, 0]
		}
	},
	"elements": [
		{
			"from": [4, 3, 4],
			"to": [12, 8, 12],
			"rotation": {
				"angle": 0,
				"axis": "y",
				"origin": [8, 3, 8]
			},
			"faces": {
				"north": {
					"uv": [1, 12.125, 2, 12.75],
					"texture": "#0"
				},
				"east": {
					"uv": [0, 12.125, 1, 12.75],
					"texture": "#0"
				},
				"south": {
					"uv": [3, 12.125, 4, 12.75],
					"texture": "#0"
				},
				"west": {
					"uv": [2, 12.125, 3, 12.75],
					"texture": "#0"
				},
				"up": {
					"uv": [2, 12.125, 1, 11.125],
					"texture": "#0"
				},
				"down": {
					"uv": [3, 11.125, 2, 12.125],
					"texture": "#0"
				}
			}
		}
	]
}