{
	"textures": {
		"0": "animated_java:blueprint/rat/rat_brown",
		"particle": "minecraft:item/pufferfish"
	},
	"display": {
		"head": {
			"rotation": [0, 180, 0]
		}
	},
	"elements": [
		{
			"from": [7.5, 9.25, 11],
			"to": [8, 9.75, 12],
			"rotation": {
				"angle": 0,
				"axis": "y",
				"origin": [7.5, 8.25, 12]
			},
			"faces": {
				"north": {
					"uv": [11, 0, 11.5, 0.5],
					"texture": "#0"
				},
				"east": {
					"uv": [9, 7, 10, 7.5],
					"texture": "#0"
				},
				"south": {
					"uv": [1, 11, 1.5, 11.5],
					"texture": "#0"
				},
				"west": {
					"uv": [9, 8, 10, 8.5],
					"texture": "#0"
				},
				"up": {
					"uv": [9.5, 10, 9, 9],
					"texture": "#0"
				},
				"down": {
					"uv": [0.5, 10, 0, 11],
					"texture": "#0"
				}
			}
		}
	]
}