{
	"textures": {
		"0": "animated_java:blueprint/rat/rat_brown",
		"particle": "minecraft:item/pufferfish"
	},
	"display": {
		"head": {
			"rotation": [0, 180, 0]
		}
	},
	"elements": [
		{
			"from": [6.5, 8, 8.3],
			"to": [7, 8.5, 9.8],
			"rotation": {
				"angle": 22.5,
				"axis": "y",
				"origin": [7, 8, 9.3]
			},
			"faces": {
				"north": {
					"uv": [11, 3, 11.5, 3.5],
					"texture": "#0"
				},
				"east": {
					"uv": [5, 8, 6.5, 8.5],
					"texture": "#0"
				},
				"south": {
					"uv": [4, 11, 4.5, 11.5],
					"texture": "#0"
				},
				"west": {
					"uv": [8, 5, 9.5, 5.5],
					"texture": "#0"
				},
				"up": {
					"uv": [7.5, 9.5, 7, 8],
					"texture": "#0"
				},
				"down": {
					"uv": [8.5, 8, 8, 9.5],
					"texture": "#0"
				}
			}
		}
	]
}