{
	"textures": {
		"0": "animated_java:blueprint/rat/rat_brown",
		"particle": "minecraft:item/pufferfish"
	},
	"display": {
		"head": {
			"rotation": [0, 180, 0]
		}
	},
	"elements": [
		{
			"from": [8.5, 8, 5.7],
			"to": [9, 8.5, 6.7],
			"rotation": {
				"angle": -22.5,
				"axis": "y",
				"origin": [9.5, 8, 6.7]
			},
			"faces": {
				"north": {
					"uv": [11, 5, 11.5, 5.5],
					"texture": "#0"
				},
				"east": {
					"uv": [6, 10, 7, 10.5],
					"texture": "#0"
				},
				"south": {
					"uv": [6, 11, 6.5, 11.5],
					"texture": "#0"
				},
				"west": {
					"uv": [10, 6, 11, 6.5],
					"texture": "#0"
				},
				"up": {
					"uv": [7.5, 11, 7, 10],
					"texture": "#0"
				},
				"down": {
					"uv": [10.5, 7, 10, 8],
					"texture": "#0"
				}
			}
		}
	]
}