{
	"textures": {
		"0": "animated_java:blueprint/rat/rat_brown",
		"particle": "minecraft:item/pufferfish"
	},
	"display": {
		"head": {
			"rotation": [0, 180, 0]
		}
	},
	"elements": [
		{
			"from": [6.5, 8, 5.7],
			"to": [7, 8.5, 6.7],
			"rotation": {
				"angle": 22.5,
				"axis": "y",
				"origin": [7, 8, 6.7]
			},
			"faces": {
				"north": {
					"uv": [11, 6, 11.5, 6.5],
					"texture": "#0"
				},
				"east": {
					"uv": [8, 10, 9, 10.5],
					"texture": "#0"
				},
				"south": {
					"uv": [7, 11, 7.5, 11.5],
					"texture": "#0"
				},
				"west": {
					"uv": [10, 8, 11, 8.5],
					"texture": "#0"
				},
				"up": {
					"uv": [9.5, 11, 9, 10],
					"texture": "#0"
				},
				"down": {
					"uv": [10.5, 9, 10, 10],
					"texture": "#0"
				}
			}
		}
	]
}