{
	"textures": {
		"0": "animated_java:blueprint/rat/rat_brown",
		"particle": "minecraft:item/pufferfish"
	},
	"display": {
		"head": {
			"rotation": [0, 180, 0]
		}
	},
	"elements": [
		{
			"from": [6.7, 8.7, 4.5],
			"to": [8.8, 10.2, 6],
			"rotation": {
				"angle": 0,
				"axis": "y",
				"origin": [7.7, 9, 5.5]
			},
			"faces": {
				"north": {
					"uv": [6, 2, 8, 3.5],
					"texture": "#0"
				},
				"east": {
					"uv": [0, 8, 1.5, 9.5],
					"texture": "#0"
				},
				"south": {
					"uv": [3, 6, 5, 7.5],
					"texture": "#0"
				},
				"west": {
					"uv": [2, 8, 3.5, 9.5],
					"texture": "#0"
				},
				"up": {
					"uv": [7, 7.5, 5, 6],
					"texture": "#0"
				},
				"down": {
					"uv": [9, 6, 7, 7.5],
					"texture": "#0"
				}
			}
		},
		{
			"from": [5.5, 9.7, 5.5],
			"to": [6.5, 10.7, 5.5],
			"rotation": {
				"angle": 22.5,
				"axis": "y",
				"origin": [6.5, 9.7, 4.7]
			},
			"faces": {
				"north": {
					"uv": [8, 2, 9, 3],
					"texture": "#0"
				},
				"east": {
					"uv": [0, 0, 0, 1],
					"texture": "#0"
				},
				"south": {
					"uv": [8, 3, 9, 4],
					"texture": "#0"
				},
				"west": {
					"uv": [0, 0, 0, 1],
					"texture": "#0"
				},
				"up": {
					"uv": [1, 0, 0, 0],
					"texture": "#0"
				},
				"down": {
					"uv": [1, 0, 0, 0],
					"texture": "#0"
				}
			}
		},
		{
			"from": [8.9, 9.7, 5.8],
			"to": [9.9, 10.7, 5.8],
			"rotation": {
				"angle": -22.5,
				"axis": "y",
				"origin": [9.9, 9.7, 5]
			},
			"faces": {
				"north": {
					"uv": [4, 8, 5, 9],
					"texture": "#0"
				},
				"east": {
					"uv": [0, 0, 0, 1],
					"texture": "#0"
				},
				"south": {
					"uv": [8, 4, 9, 5],
					"texture": "#0"
				},
				"west": {
					"uv": [0, 0, 0, 1],
					"texture": "#0"
				},
				"up": {
					"uv": [1, 0, 0, 0],
					"texture": "#0"
				},
				"down": {
					"uv": [1, 0, 0, 0],
					"texture": "#0"
				}
			}
		}
	]
}