{
	"credit": "Made with Blockbench",
	"textures": {
		"4": "item/melon_slice_hand",
		"particle": "item/melon_slice_hand"
	},
	"elements": [
		{
			"from": [4.5, 0, 7],
			"to": [11.5, 1, 9],
			"rotation": {"angle": 0, "axis": "y", "origin": [9.5, 0, 7]},
			"faces": {
				"north": {"uv": [0, 7, 7, 8], "texture": "#4"},
				"east": {"uv": [8, 5, 10, 6], "texture": "#4"},
				"south": {"uv": [0, 7, 7, 8], "texture": "#4"},
				"west": {"uv": [8, 6, 10, 7], "texture": "#4"},
				"up": {"uv": [0, 7, 7, 8], "texture": "#4"},
				"down": {"uv": [7, 0, 0, 2], "texture": "#4"}
			}
		},
		{
			"from": [10.5, 1, 7],
			"to": [11.5, 2, 9],
			"rotation": {"angle": 0, "axis": "y", "origin": [9.5, 1, 7]},
			"faces": {
				"north": {"uv": [6, 9, 7, 10], "texture": "#4"},
				"east": {"uv": [9, 0, 11, 1], "texture": "#4"},
				"south": {"uv": [6, 9, 7, 10], "texture": "#4"},
				"west": {"uv": [6, 9, 7, 10], "texture": "#4"},
				"up": {"uv": [10, 3, 9, 1], "texture": "#4"},
				"down": {"uv": [6, 9, 7, 10], "texture": "#4"}
			}
		},
		{
			"from": [4.5, 1, 7],
			"to": [5.5, 2, 9],
			"rotation": {"angle": 0, "axis": "y", "origin": [3.5, 1, 7]},
			"faces": {
				"north": {"uv": [9, 9, 10, 10], "texture": "#4"},
				"east": {"uv": [4, 9, 6, 10], "texture": "#4"},
				"south": {"uv": [9, 9, 10, 10], "texture": "#4"},
				"west": {"uv": [4, 9, 6, 10], "texture": "#4"},
				"up": {"uv": [10, 3, 9, 1], "texture": "#4"},
				"down": {"uv": [9, 1, 10, 3], "texture": "#4"}
			}
		},
		{
			"from": [7.5, 1, 7],
			"to": [10.5, 2, 9],
			"rotation": {"angle": 0, "axis": "y", "origin": [5.5, 1, 7]},
			"faces": {
				"north": {"uv": [4, 8, 7, 9], "texture": "#4"},
				"east": {"uv": [9, 7, 11, 8], "texture": "#4"},
				"south": {"uv": [7, 8, 4, 9], "texture": "#4"},
				"west": {"uv": [9, 7, 11, 8], "texture": "#4"},
				"up": {"uv": [7, 9, 4, 8], "texture": "#4"},
				"down": {"uv": [7, 8, 4, 9], "texture": "#4"}
			}
		},
		{
			"from": [5.5, 1, 7],
			"to": [7.5, 2, 9],
			"rotation": {"angle": 0, "axis": "y", "origin": [5.5, 0, 7]},
			"faces": {
				"north": {"uv": [9, 8, 11, 9], "texture": "#4"},
				"east": {"uv": [9, 8, 11, 9], "texture": "#4"},
				"south": {"uv": [11, 8, 9, 9], "texture": "#4"},
				"west": {"uv": [9, 8, 11, 9], "texture": "#4"},
				"up": {"uv": [4, 10, 2, 8], "texture": "#4"},
				"down": {"uv": [11, 8, 9, 9], "texture": "#4"}
			}
		},
		{
			"from": [4.5, 2, 7],
			"to": [7.5, 5, 9],
			"rotation": {"angle": 0, "axis": "y", "origin": [4.5, 3, 7]},
			"faces": {
				"north": {"uv": [4, 2, 7, 5], "texture": "#4"},
				"east": {"uv": [0, 8, 2, 11], "texture": "#4"},
				"south": {"uv": [7, 2, 4, 5], "texture": "#4"},
				"west": {"uv": [0, 8, 2, 11], "texture": "#4"},
				"up": {"uv": [10, 5, 7, 3], "texture": "#4"},
				"down": {"uv": [10, 3, 7, 5], "texture": "#4"}
			}
		},
		{
			"from": [7.5, 2, 7],
			"to": [11.5, 5, 9],
			"rotation": {"angle": 0, "axis": "y", "origin": [6.5, 3, 7]},
			"faces": {
				"north": {"uv": [0, 2, 4, 5], "texture": "#4"},
				"east": {"uv": [7, 0, 9, 3], "texture": "#4"},
				"south": {"uv": [4, 2, 0, 5], "texture": "#4"},
				"west": {"uv": [7, 7, 9, 10], "texture": "#4"},
				"up": {"uv": [4, 7, 0, 5], "texture": "#4"},
				"down": {"uv": [8, 5, 4, 7], "texture": "#4"}
			}
		}
	],
	"display": {
		"thirdperson_righthand": {
			"rotation": [-80.54, -88.69, -81.16],
			"translation": [0, 4, -0.25],
			"scale": [0.64, 0.64, 0.64]
		},
		"thirdperson_lefthand": {
			"rotation": [-80.54, -88.69, -81.16],
			"translation": [0, 4, -0.25],
			"scale": [0.64, 0.64, 0.64]
		},
		"firstperson_righthand": {
			"rotation": [-21.65, -62.76, -8.42],
			"translation": [0.5, 5.75, 0.25],
			"scale": [0.58, 0.63, 0.58]
		},
		"firstperson_lefthand": {
			"rotation": [-21.65, -62.76, -8.42],
			"translation": [0.5, 5.75, 0.25],
			"scale": [0.58, 0.63, 0.58]
		}
	}
}