{
	"credit": "Made with Blockbench",
	"texture_size": [32, 32],
	"textures": {
		"1": "item/rotten_flesh_hand",
		"particle": "item/rotten_flesh_hand"
	},
	"elements": [
		{
			"from": [4.94776, 0.425, 6.5],
			"to": [10.94776, 9.425, 9.5],
			"rotation": {"angle": 0, "axis": "z", "origin": [6.94776, 0.425, 7.5]},
			"faces": {
				"north": {"uv": [3, 0, 0, 4.5], "texture": "#1"},
				"east": {"uv": [7, 4.5, 5.5, 9], "texture": "#1"},
				"south": {"uv": [0, 0, 3, 4.5], "texture": "#1"},
				"west": {"uv": [5.5, 4.5, 4, 9], "texture": "#1"},
				"up": {"uv": [6, 1.5, 9, 0], "texture": "#1"},
				"down": {"uv": [6, 1.5, 9, 3], "texture": "#1"}
			}
		},
		{
			"from": [7.94776, 1, 8],
			"to": [11.94776, 8, 8],
			"rotation": {"angle": -22.5, "axis": "z", "origin": [11.94776, 1, 6]},
			"faces": {
				"north": {"uv": [4, 4.5, 2, 8], "texture": "#1"},
				"east": {"uv": [0, 0, 0, 3.5], "texture": "#1"},
				"south": {"uv": [2, 4.5, 4, 8], "texture": "#1"},
				"west": {"uv": [0, 0, 0, 3.5], "texture": "#1"},
				"up": {"uv": [0, 0, 2, 0], "texture": "#1"},
				"down": {"uv": [0, 0, 2, 0], "texture": "#1"}
			}
		},
		{
			"from": [5.94776, 5, 8],
			"to": [9.94776, 12, 8],
			"rotation": {"angle": 22.5, "axis": "z", "origin": [9.94776, 5, 6]},
			"faces": {
				"north": {"uv": [4, 4.5, 2, 8], "texture": "#1"},
				"east": {"uv": [0, 0, 0, 3.5], "texture": "#1"},
				"south": {"uv": [2, 4.5, 4, 8], "texture": "#1"},
				"west": {"uv": [0, 0, 0, 3.5], "texture": "#1"},
				"up": {"uv": [0, 0, 2, 0], "texture": "#1"},
				"down": {"uv": [0, 0, 2, 0], "texture": "#1"}
			}
		}
	],
	"display": {
		"thirdperson_righthand": {
			"translation": [-1.75, 2, 1],
			"scale": [0.53, 0.53, 0.42]
		},
		"thirdperson_lefthand": {
			"translation": [-1.75, 2, 1],
			"scale": [0.53, 0.53, 0.42]
		},
		"firstperson_righthand": {
			"rotation": [0, -52, 0],
			"translation": [1.75, 4, 0],
			"scale": [0.57, 0.62, 0.57]
		},
		"firstperson_lefthand": {
			"rotation": [0, -52, 0],
			"translation": [1.75, 4, 0],
			"scale": [0.57, 0.62, 0.57]
		}
	}
}