{
  "model": {
    "type": "minecraft:select",
    "property": "minecraft:custom_model_data",
    "fallback": {
      "type": "minecraft:model",
      "model": "minecraft:item/elytra"
    },
    "cases": [
      {
        "when" : "fafik77.plated_elytra.leather",
        "model" : {
          "type": "minecraft:model",
          "model": "item/plated_elytra/leather"
        }
      },
	  {
        "when" : "fafik77.plated_elytra.golden",
        "model" : {
          "type": "minecraft:model",
          "model": "item/plated_elytra/golden"
        }
      },
	  {
        "when" : "fafik77.plated_elytra.chainmail",
        "model" : {
          "type": "minecraft:model",
          "model": "item/plated_elytra/chainmail"
        }
      },
	  {
        "when" : "fafik77.plated_elytra.iron",
        "model" : {
          "type": "minecraft:model",
          "model": "item/plated_elytra/iron"
        }
      },
	  {
        "when" : "fafik77.plated_elytra.diamond",
        "model" : {
          "type": "minecraft:model",
          "model": "item/plated_elytra/diamond"
        }
      },
	  {
        "when" : "fafik77.plated_elytra.netherite",
        "model" : {
          "type": "minecraft:model",
          "model": "item/plated_elytra/netherite"
        }
      }
    ]
  }
}