{
	"model": {
		"type": "minecraft:select",
		"property": "minecraft:custom_model_data",
		"cases": [
			{
				"when": "black",
				"model": {
					"type": "minecraft:model",
					"model": "animated_java:blueprint/tuff_golem/black/display"
				}
			},
			{
				"when": "brown",
				"model": {
					"type": "minecraft:model",
					"model": "animated_java:blueprint/tuff_golem/brown/display"
				}
			},
			{
				"when": "cyan",
				"model": {
					"type": "minecraft:model",
					"model": "animated_java:blueprint/tuff_golem/cyan/display"
				}
			},
			{
				"when": "gray",
				"model": {
					"type": "minecraft:model",
					"model": "animated_java:blueprint/tuff_golem/gray/display"
				}
			},
			{
				"when": "green",
				"model": {
					"type": "minecraft:model",
					"model": "animated_java:blueprint/tuff_golem/green/display"
				}
			},
			{
				"when": "light_blue",
				"model": {
					"type": "minecraft:model",
					"model": "animated_java:blueprint/tuff_golem/light_blue/display"
				}
			},
			{
				"when": "light_gray",
				"model": {
					"type": "minecraft:model",
					"model": "animated_java:blueprint/tuff_golem/light_gray/display"
				}
			},
			{
				"when": "lime",
				"model": {
					"type": "minecraft:model",
					"model": "animated_java:blueprint/tuff_golem/lime/display"
				}
			},
			{
				"when": "magenta",
				"model": {
					"type": "minecraft:model",
					"model": "animated_java:blueprint/tuff_golem/magenta/display"
				}
			},
			{
				"when": "moss",
				"model": {
					"type": "minecraft:model",
					"model": "animated_java:blueprint/tuff_golem/moss/display"
				}
			},
			{
				"when": "orange",
				"model": {
					"type": "minecraft:model",
					"model": "animated_java:blueprint/tuff_golem/orange/display"
				}
			},
			{
				"when": "pale_moss",
				"model": {
					"type": "minecraft:model",
					"model": "animated_java:blueprint/tuff_golem/pale_moss/display"
				}
			},
			{
				"when": "pink",
				"model": {
					"type": "minecraft:model",
					"model": "animated_java:blueprint/tuff_golem/pink/display"
				}
			},
			{
				"when": "purple",
				"model": {
					"type": "minecraft:model",
					"model": "animated_java:blueprint/tuff_golem/purple/display"
				}
			},
			{
				"when": "red",
				"model": {
					"type": "minecraft:model",
					"model": "animated_java:blueprint/tuff_golem/red/display"
				}
			},
			{
				"when": "white",
				"model": {
					"type": "minecraft:model",
					"model": "animated_java:blueprint/tuff_golem/white/display"
				}
			},
			{
				"when": "yellow",
				"model": {
					"type": "minecraft:model",
					"model": "animated_java:blueprint/tuff_golem/yellow/display"
				}
			},
			{
				"when": "default_hurt",
				"model": {
					"type": "minecraft:model",
					"model": "animated_java:blueprint/tuff_golem/default_hurt/display"
				}
			},
			{
				"when": "black_hurt",
				"model": {
					"type": "minecraft:model",
					"model": "animated_java:blueprint/tuff_golem/black_hurt/display"
				}
			},
			{
				"when": "brown_hurt",
				"model": {
					"type": "minecraft:model",
					"model": "animated_java:blueprint/tuff_golem/brown_hurt/display"
				}
			},
			{
				"when": "cyan_hurt",
				"model": {
					"type": "minecraft:model",
					"model": "animated_java:blueprint/tuff_golem/cyan_hurt/display"
				}
			},
			{
				"when": "gray_hurt",
				"model": {
					"type": "minecraft:model",
					"model": "animated_java:blueprint/tuff_golem/gray_hurt/display"
				}
			},
			{
				"when": "green_hurt",
				"model": {
					"type": "minecraft:model",
					"model": "animated_java:blueprint/tuff_golem/green_hurt/display"
				}
			},
			{
				"when": "light_blue_hurt",
				"model": {
					"type": "minecraft:model",
					"model": "animated_java:blueprint/tuff_golem/light_blue_hurt/display"
				}
			},
			{
				"when": "light_gray_hurt",
				"model": {
					"type": "minecraft:model",
					"model": "animated_java:blueprint/tuff_golem/light_gray_hurt/display"
				}
			},
			{
				"when": "lime_hurt",
				"model": {
					"type": "minecraft:model",
					"model": "animated_java:blueprint/tuff_golem/lime_hurt/display"
				}
			},
			{
				"when": "magenta_hurt",
				"model": {
					"type": "minecraft:model",
					"model": "animated_java:blueprint/tuff_golem/magenta_hurt/display"
				}
			},
			{
				"when": "moss_hurt",
				"model": {
					"type": "minecraft:model",
					"model": "animated_java:blueprint/tuff_golem/moss_hurt/display"
				}
			},
			{
				"when": "orange_hurt",
				"model": {
					"type": "minecraft:model",
					"model": "animated_java:blueprint/tuff_golem/orange_hurt/display"
				}
			},
			{
				"when": "pale_moss_hurt",
				"model": {
					"type": "minecraft:model",
					"model": "animated_java:blueprint/tuff_golem/pale_moss_hurt/display"
				}
			},
			{
				"when": "pink_hurt",
				"model": {
					"type": "minecraft:model",
					"model": "animated_java:blueprint/tuff_golem/pink_hurt/display"
				}
			},
			{
				"when": "purple_hurt",
				"model": {
					"type": "minecraft:model",
					"model": "animated_java:blueprint/tuff_golem/purple_hurt/display"
				}
			},
			{
				"when": "red_hurt",
				"model": {
					"type": "minecraft:model",
					"model": "animated_java:blueprint/tuff_golem/red_hurt/display"
				}
			},
			{
				"when": "white_hurt",
				"model": {
					"type": "minecraft:model",
					"model": "animated_java:blueprint/tuff_golem/white_hurt/display"
				}
			},
			{
				"when": "yellow_hurt",
				"model": {
					"type": "minecraft:model",
					"model": "animated_java:blueprint/tuff_golem/yellow_hurt/display"
				}
			}
		],
		"fallback": {
			"type": "minecraft:model",
			"model": "animated_java:blueprint/tuff_golem/display"
		},
		"tints": [
			{
				"type": "minecraft:dye",
				"default": [1, 1, 1]
			}
		]
	}
}