{
  "model": {
    "type": "minecraft:select",
    "property": "minecraft:custom_model_data",
    "fallback": {
      "type": "minecraft:model",
      "model": "minecraft:item/carrot"
    },
    "cases": [
      {
        "when" : "fafik77.carat_carrot.carat_carrot",
        "model" : {
          "type": "minecraft:model",
          "model": "item/carat_carrot/carat_carrot"
        }
      },
	  {
        "when" : "fafik77.carat_carrot.diamond_carat_carrot",
        "model" : {
          "type": "minecraft:model",
          "model": "item/carat_carrot/diamond_carat_carrot"
        }
      },
	  {
        "when" : "fafik77.carat_carrot.iron_carat_carrot",
        "model" : {
          "type": "minecraft:model",
          "model": "item/carat_carrot/iron_carat_carrot"
        }
      },
	  {
        "when" : "fafik77.carat_carrot.quartz_carat_carrot",
        "model" : {
          "type": "minecraft:model",
          "model": "item/carat_carrot/quartz_carat_carrot"
        }
      }
    ]
  }
}