{
  "model": {
    "type": "minecraft:select",
    "property": "minecraft:custom_model_data",
    "fallback": {
      "type": "minecraft:model",
      "model": "minecraft:block/dispenser"
    },
    "cases": [
      {
        "when" : "fafik77.terraria_mode.bronze_crate",
        "model" : {
          "type": "minecraft:model",
          "model": "item/terraria_mode/bronze_crate"
        }
      },
	  {
        "when" : "fafik77.terraria_mode.iron_crate",
        "model" : {
          "type": "minecraft:model",
          "model": "item/terraria_mode/iron_crate"
        }
      },
	  {
        "when" : "fafik77.terraria_mode.gold_crate",
        "model" : {
          "type": "minecraft:model",
          "model": "item/terraria_mode/gold_crate"
        }
      },
	  {
        "when" : "fafik77.terraria_mode.diamond_crate",
        "model" : {
          "type": "minecraft:model",
          "model": "item/terraria_mode/diamond_crate"
        }
      }
    ]
  }
}