{
  "model": {
    "type": "minecraft:select",
    "property": "minecraft:custom_model_data",
    "fallback": {
      "type": "minecraft:model",
      "model": "minecraft:item/written_book"
    },
    "cases": [
      {
        "when" : "fafik77.warp_portals.warp_book",
        "model" : {
          "type": "minecraft:model",
          "model": "item/warp_portals/warp_book"
        }
      },
	  {
        "when" : "fafik77.wireless_redstone.rs_ticket",
        "model" : {
          "type": "minecraft:model",
          "model": "item/wireless_redstone/rs_ticket"
        }
      },
	  {
        "when" : "fafik77.graves.grave_book",
        "model" : {
          "type": "minecraft:model",
          "model": "item/graves/grave_book"
        }
      }
    ]
  }
}