{
	"credit": "Made with Blockbench",
	"texture_size": [32, 32],
	"textures": {
		"2": "item/pumpkin_pie_hand",
		"particle": "item/pumpkin_pie_hand"
	},
	"elements": [
		{
			"from": [3, 0, 7],
			"to": [8, 4, 13],
			"rotation": {"angle": 0, "axis": "y", "origin": [3, 0, 2]},
			"faces": {
				"north": {"uv": [2.5, 5, 0, 7], "texture": "#2"},
				"east": {"uv": [0, 5, 3, 7], "texture": "#2"},
				"south": {"uv": [7.5, 4, 10, 6], "texture": "#2"},
				"west": {"uv": [7, 0, 10, 2], "texture": "#2"},
				"up": {"uv": [2.5, 3, 0, 0], "texture": "#2"},
				"down": {"uv": [5, 0, 2.5, 5], "texture": "#2"}
			}
		}
	],
	"display": {
		"thirdperson_righthand": {
			"rotation": [0, -90, 0],
			"translation": [0, 5, 0],
			"scale": [0.62, 0.62, 0.62]
		},
		"thirdperson_lefthand": {
			"rotation": [0, 90, 0],
			"translation": [0, 5, 0],
			"scale": [0.62, 0.62, 0.62]
		},
		"firstperson_righthand": {
			"rotation": [173.11, -6.15, -159.01],
			"translation": [2, 7.75, 0.25],
			"scale": [0.86, 0.86, 0.86]
		},
		"firstperson_lefthand": {
			"rotation": [-7.57, 5.54, -18.86],
			"translation": [2, 7.75, 0.75],
			"scale": [0.86, 0.86, 0.86]
		}
	}
}