{
	"credit": "Made with Blockbench",
	"texture_size": [32, 32],
	"textures": {
		"2": "item/pumpkin_pie_hand",
		"particle": "item/pumpkin_pie_hand"
	},
	"elements": [
		{
			"from": [3, 0, 3],
			"to": [8, 4, 13],
			"rotation": {"angle": 0, "axis": "y", "origin": [3, 0, 2]},
			"faces": {
				"north": {"uv": [3, 8, 5.5, 10], "texture": "#2"},
				"east": {"uv": [0, 5, 5, 7], "texture": "#2"},
				"south": {"uv": [7.5, 4, 10, 6], "texture": "#2"},
				"west": {"uv": [5, 0, 10, 2], "texture": "#2"},
				"up": {"uv": [2.5, 5, 0, 0], "texture": "#2"},
				"down": {"uv": [5, 0, 2.5, 5], "texture": "#2"}
			}
		},
		{
			"from": [8, 0, 3],
			"to": [13, 4, 9],
			"rotation": {"angle": 0, "axis": "y", "origin": [8, 0, 2]},
			"faces": {
				"north": {"uv": [7.5, 4, 10, 6], "texture": "#2"},
				"east": {"uv": [0, 7, 3, 9], "texture": "#2"},
				"south": {"uv": [7.5, 6, 10, 8], "texture": "#2"},
				"west": {"uv": [7.5, 2, 10.5, 4], "texture": "#2"},
				"up": {"uv": [7.5, 5, 5, 2], "texture": "#2"},
				"down": {"uv": [7.5, 5, 5, 8], "texture": "#2"}
			}
		}
	],
	"display": {
		"thirdperson_righthand": {
			"rotation": [0, -90, 0],
			"translation": [0, 5, 0],
			"scale": [0.62, 0.62, 0.62]
		},
		"thirdperson_lefthand": {
			"rotation": [0, 90, 0],
			"translation": [0, 5, 0],
			"scale": [0.62, 0.62, 0.62]
		},
		"firstperson_righthand": {
			"rotation": [180, -82.25, 180],
			"translation": [0, 6.75, 0],
			"scale": [0.86, 0.86, 0.86]
		},
		"firstperson_lefthand": {
			"rotation": [0, -18.5, 0],
			"translation": [0, 6.75, 0],
			"scale": [0.86, 0.86, 0.86]
		}
	}
}