{
	"model": {
		"type": "minecraft:select",
		"property": "minecraft:custom_model_data",
		"cases": [
			{
				"when": "default_hurt",
				"model": {
					"type": "minecraft:model",
					"model": "animated_java:blueprint/rat/default_hurt/back_left_foot"
				}
			},
			{
				"when": "gray",
				"model": {
					"type": "minecraft:model",
					"model": "animated_java:blueprint/rat/gray/back_left_foot"
				}
			},
			{
				"when": "gray_hurt",
				"model": {
					"type": "minecraft:model",
					"model": "animated_java:blueprint/rat/gray_hurt/back_left_foot"
				}
			},
			{
				"when": "light_brown",
				"model": {
					"type": "minecraft:model",
					"model": "animated_java:blueprint/rat/light_brown/back_left_foot"
				}
			},
			{
				"when": "light_brown_hurt",
				"model": {
					"type": "minecraft:model",
					"model": "animated_java:blueprint/rat/light_brown_hurt/back_left_foot"
				}
			},
			{
				"when": "white",
				"model": {
					"type": "minecraft:model",
					"model": "animated_java:blueprint/rat/white/back_left_foot"
				}
			},
			{
				"when": "white_hurt",
				"model": {
					"type": "minecraft:model",
					"model": "animated_java:blueprint/rat/white_hurt/back_left_foot"
				}
			},
			{
				"when": "black",
				"model": {
					"type": "minecraft:model",
					"model": "animated_java:blueprint/rat/black/back_left_foot"
				}
			},
			{
				"when": "black_hurt",
				"model": {
					"type": "minecraft:model",
					"model": "animated_java:blueprint/rat/black_hurt/back_left_foot"
				}
			}
		],
		"fallback": {
			"type": "minecraft:model",
			"model": "animated_java:blueprint/rat/back_left_foot"
		},
		"tints": [
			{
				"type": "minecraft:dye",
				"default": [1, 1, 1]
			}
		]
	}
}