{
	"parent": "minecraft:item/generated",
	"textures": {
		"layer0": "minecraft:item/carrot"
	},
	"overrides": [
		{
			"predicate": { "custom_model_data": 376221},
			"model": "item/carat_carrot/carat_carrot"
		},
		{
			"predicate": { "custom_model_data": 376222},
			"model": "item/carat_carrot/diamond_carat_carrot"
		},
		{
			"predicate": { "custom_model_data": 376223},
			"model": "item/carat_carrot/iron_carat_carrot"
		},
		{
			"predicate": { "custom_model_data": 376224},
			"model": "item/carat_carrot/quartz_carat_carrot"
		}
	]
}