{
	"parent": "minecraft:item/generated",
	"textures": {
		"layer0": "minecraft:item/elytra"
	},

	"overrides": [
		{
			"predicate": { "custom_model_data": 953331},
			"model": "item/plated_elytra/leather"
		},
		{
			"predicate": { "custom_model_data": 953332},
			"model": "item/plated_elytra/golden"
		},
		{
			"predicate": { "custom_model_data": 953333},
			"model": "item/plated_elytra/chainmail"
		},
		{
			"predicate": { "custom_model_data": 953334},
			"model": "item/plated_elytra/iron"
		},
		{
			"predicate": { "custom_model_data": 953335},
			"model": "item/plated_elytra/diamond"
		},
		{
			"predicate": { "custom_model_data": 953336},
			"model": "item/plated_elytra/netherite"
		}
		
	]

}