{
	"textures": {
		"0": "animated_java:blueprint/penguin/base",
		"particle": "minecraft:item/pufferfish"
	},
	"display": {
		"head": {
			"rotation": [0, 180, 0]
		}
	},
	"elements": [
		{
			"from": [5.25, 9.5, 6.25],
			"to": [5.75, 15.5, 9.75],
			"rotation": {
				"angle": 0,
				"axis": "y",
				"origin": [2, 8, 8]
			},
			"faces": {
				"north": {
					"uv": [7.25, 10, 7, 13],
					"texture": "#0"
				},
				"east": {
					"uv": [3.75, 7, 2, 10],
					"texture": "#0"
				},
				"south": {
					"uv": [10.75, 7, 10.5, 10],
					"texture": "#0"
				},
				"west": {
					"uv": [9.75, 5.5, 8, 8.5],
					"texture": "#0"
				},
				"up": {
					"uv": [11, 3.75, 12.75, 3.5],
					"rotation": 90,
					"texture": "#0"
				},
				"down": {
					"uv": [11, 6, 12.75, 6.25],
					"rotation": 270,
					"texture": "#0"
				}
			}
		}
	]
}